Year,Region,KerosenePrice_Assumed_Year2005USDPerkg,CarbonPrice_Assumed_Year2005USDPerkg,EffectiveKerosenePrice_WithCarbon_Year2005USDPerkg,Domestic_Fuel_Mt,International_Fuel_Mt
2005.0,AFR,0.464973089,0.0,0.464973089,0.3127185237043477,4.526962394361362
2005.0,AUS,0.464973089,0.0,0.464973089,1.4120384629131877,3.9066066087107174
2005.0,CAN,0.464973089,0.0,0.464973089,0.44737196079222485,1.275949017086532
2005.0,CSA,0.464973089,0.0,0.464973089,1.3896146337777964,6.699201803979236
2005.0,CHI,0.464973089,0.0,0.464973089,3.2355486674932763,8.094450010439687
2005.0,EEU,0.464973089,0.0,0.464973089,0.024301686759031327,1.1148951111740644
2005.0,FSU,0.464973089,0.0,0.464973089,0.4581972576136195,3.3140873006732363
2005.0,IND,0.464973089,0.0,0.464973089,0.5059169334272156,1.489472473913338
2005.0,JPN,0.464973089,0.0,0.464973089,2.498876172117889,6.296125190448947
2005.0,MEX,0.464973089,0.0,0.464973089,0.6068793956947047,1.2959426775341853
2005.0,MEA,0.464973089,0.0,0.464973089,0.31868348318477047,11.724238314644026
2005.0,ODA,0.464973089,0.0,0.464973089,1.5317795013038022,13.76447538030061
2005.0,SKO,0.464973089,0.0,0.464973089,0.28675990375631955,3.468071624985896
2005.0,UK,0.464973089,0.0,0.464973089,1.674607142136665,10.224713779287413
2005.0,USA,0.464973089,0.0,0.464973089,28.15737028821627,30.084604510202553
2005.0,WEU,0.464973089,0.0,0.464973089,4.021708234213179,36.24939012967661
2006.0,AFR,0.464973089,0.0,0.464973089,0.29188975357669733,4.637485570039644
2006.0,AUS,0.464973089,0.0,0.464973089,1.284604920012498,3.738315420196159
2006.0,CAN,0.464973089,0.0,0.464973089,0.4665486293233698,1.5473863325896673
2006.0,CSA,0.464973089,0.0,0.464973089,1.6184839431893607,7.289281096592617
2006.0,CHI,0.464973089,0.0,0.464973089,3.4439684237586334,8.06292319800923
2006.0,EEU,0.464973089,0.0,0.464973089,0.022572550178097117,1.1383234258019002
2006.0,FSU,0.464973089,0.0,0.464973089,0.5595680756550792,3.564672680741751
2006.0,IND,0.464973089,0.0,0.464973089,0.523783237716998,1.5837199821835384
2006.0,JPN,0.464973089,0.0,0.464973089,2.1686919656349346,5.679338324349374
2006.0,MEX,0.464973089,0.0,0.464973089,0.5140108503546799,1.4138709343387745
2006.0,MEA,0.464973089,0.0,0.464973089,0.29447838058990783,12.560954250919167
2006.0,ODA,0.464973089,0.0,0.464973089,1.576261259079729,13.78611043703313
2006.0,SKO,0.464973089,0.0,0.464973089,0.28333566967921797,3.6124347114237025
2006.0,UK,0.464973089,0.0,0.464973089,1.4660003096214496,10.091921085026115
2006.0,USA,0.464973089,0.0,0.464973089,27.973566284137405,28.31946514604533
2006.0,WEU,0.464973089,0.0,0.464973089,3.5762457940678587,35.46478956244391
2007.0,AFR,0.464973089,0.0,0.464973089,0.29091033131430777,5.275470261181908
2007.0,AUS,0.464973089,0.0,0.464973089,1.4496666451959754,4.255520761478692
2007.0,CAN,0.464973089,0.0,0.464973089,0.5025727980828378,1.9093038412975147
2007.0,CSA,0.464973089,0.0,0.464973089,2.0686496182448337,8.450708051758852
2007.0,CHI,0.464973089,0.0,0.464973089,4.2613484831526875,9.093913039556355
2007.0,EEU,0.464973089,0.0,0.464973089,0.02467998006693506,1.4029200483510067
2007.0,FSU,0.464973089,0.0,0.464973089,0.7585382331044457,4.329061575666856
2007.0,IND,0.464973089,0.0,0.464973089,0.6644328813126776,1.9917369531467557
2007.0,JPN,0.464973089,0.0,0.464973089,2.021330405957997,5.775729325134307
2007.0,MEX,0.464973089,0.0,0.464973089,0.5094491188065149,1.5418212296790443
2007.0,MEA,0.464973089,0.0,0.464973089,0.30577241500299124,14.422035202980624
2007.0,ODA,0.464973089,0.0,0.464973089,1.734711200651418,15.454900088507202
2007.0,SKO,0.464973089,0.0,0.464973089,0.28113010873494204,3.916273838840425
2007.0,UK,0.464973089,0.0,0.464973089,1.5162377075175755,11.382896160241216
2007.0,USA,0.464973089,0.0,0.464973089,28.376771137918468,28.362478775323325
2007.0,WEU,0.464973089,0.0,0.464973089,3.813529932826782,40.23273183858328
2008.0,AFR,0.464973089,0.0,0.464973089,0.2468068601149298,5.664726812903609
2008.0,AUS,0.464973089,0.0,0.464973089,1.3702549654772156,4.232021610252559
2008.0,CAN,0.464973089,0.0,0.464973089,0.5058775344514288,2.1569158541969955
2008.0,CSA,0.464973089,0.0,0.464973089,2.4577227016649488,9.312711796117583
2008.0,CHI,0.464973089,0.0,0.464973089,5.226207736413926,10.034331705624936
2008.0,EEU,0.464973089,0.0,0.464973089,0.025428910771552182,1.623163888361887
2008.0,FSU,0.464973089,0.0,0.464973089,1.0286538215123073,4.9888146879311535
2008.0,IND,0.464973089,0.0,0.464973089,0.675315220025368,2.153191539924592
2008.0,JPN,0.464973089,0.0,0.464973089,2.1278255314100534,6.019106122199446
2008.0,MEX,0.464973089,0.0,0.464973089,0.4905032219248824,1.627045353059657
2008.0,MEA,0.464973089,0.0,0.464973089,0.3198276369030282,16.561035939579597
2008.0,ODA,0.464973089,0.0,0.464973089,1.840465614907771,16.376310134644882
2008.0,SKO,0.464973089,0.0,0.464973089,0.2085086329607293,3.628677186788991
2008.0,UK,0.464973089,0.0,0.464973089,1.3582631859462708,10.703343507833779
2008.0,USA,0.464973089,0.0,0.464973089,27.39379884201594,26.63796548953178
2008.0,WEU,0.464973089,0.0,0.464973089,3.897461238745109,42.859260253178945
2009.0,AFR,0.464973089,0.0,0.464973089,0.205563225757885,5.187850071125013
2009.0,AUS,0.464973089,0.0,0.464973089,1.2068401517772145,3.9069019538437715
2009.0,CAN,0.464973089,0.0,0.464973089,0.42094994907529326,1.9550938621396199
2009.0,CSA,0.464973089,0.0,0.464973089,2.2022725382410684,8.196080905942154
2009.0,CHI,0.464973089,0.0,0.464973089,5.935488205985166,9.929535835210118
2009.0,EEU,0.464973089,0.0,0.464973089,0.017403283738786968,1.3149315539853887
2009.0,FSU,0.464973089,0.0,0.464973089,0.6575668367687513,3.8803152453101575
2009.0,IND,0.464973089,0.0,0.464973089,0.716492450927035,2.027378436876461
2009.0,JPN,0.464973089,0.0,0.464973089,2.2572636866243556,5.945035422802903
2009.0,MEX,0.464973089,0.0,0.464973089,0.3481347343622474,1.308000105607789
2009.0,MEA,0.464973089,0.0,0.464973089,0.23928125426570546,14.763937724554125
2009.0,ODA,0.464973089,0.0,0.464973089,1.7761967010544595,14.847501597016162
2009.0,SKO,0.464973089,0.0,0.464973089,0.1607088979180844,3.3916604380938224
2009.0,UK,0.464973089,0.0,0.464973089,1.067611386824865,8.71372483484447
2009.0,USA,0.464973089,0.0,0.464973089,27.313395411550516,24.33291941812331
2009.0,WEU,0.464973089,0.0,0.464973089,3.0310198287551486,36.14016563930636
2010.0,AFR,0.47496534,0.0,0.47496534,0.2765422170862166,6.028703272542771
2010.0,AUS,0.463216661,0.0,0.463216661,1.5406373878322484,4.9413496211054735
2010.0,CAN,0.480567757,0.0,0.480567757,0.5217719684005715,2.582367481547408
2010.0,CSA,0.4813243,0.0,0.4813243,3.2651246744250244,10.206255016129717
2010.0,CHI,0.469293399,0.0,0.469293399,7.02516202442348,11.312245216555311
2010.0,EEU,0.475140152,0.0,0.475140152,0.014427868909251629,1.4141618145722532
2010.0,FSU,0.448451229,0.0,0.448451229,0.8482909920012389,4.488888591000432
2010.0,IND,0.401675722,0.0,0.401675722,0.9482952784746885,2.5992911991197616
2010.0,JPN,0.469687892,0.0,0.469687892,2.491166082210839,6.682276897132397
2010.0,MEX,0.489903158,0.0,0.489903158,0.40021716614137404,1.6268051471561193
2010.0,MEA,0.452185355,0.0,0.452185355,0.2621387974181175,17.702618655283004
2010.0,ODA,0.461162478,0.0,0.461162478,2.215430841913985,17.609229553760088
2010.0,SKO,0.429606925,0.0,0.429606925,0.17931807332206517,4.071074271108955
2010.0,UK,0.475392585,0.0,0.475392585,0.9436062607564963,9.437628185842186
2010.0,USA,0.491480656,0.0,0.491480656,28.67632348565519,25.39802841224082
2010.0,WEU,0.475392586,0.0,0.475392586,2.795233707233308,37.41064887819448
2011.0,AFR,0.491549578,0.0,0.491549578,0.267144690337318,6.489924942954531
2011.0,AUS,0.484242534,0.0,0.484242534,1.733303138964402,5.659783505194355
2011.0,CAN,0.50647622,0.0,0.50647622,0.5658438443497289,2.982381119625643
2011.0,CSA,0.49909553,0.0,0.49909553,3.828866869598073,11.051071321790005
2011.0,CHI,0.490429667,0.0,0.490429667,8.483690339140594,12.930603370870813
2011.0,EEU,0.493970526,0.0,0.493970526,0.01243630731300982,1.5726221716086002
2011.0,FSU,0.469587497,0.0,0.469587497,1.0529644140983692,5.122328761673998
2011.0,IND,0.428003903,0.0,0.428003903,1.0634431293001398,3.032411095686257
2011.0,JPN,0.476681317,0.0,0.476681317,2.5998742522206157,7.1582960756495595
2011.0,MEX,0.507729801,0.0,0.507729801,0.4103398956358433,1.7599551621824503
2011.0,MEA,0.473009666,0.0,0.473009666,0.2723530805815244,20.236655182015966
2011.0,ODA,0.482150482,0.0,0.482150482,2.4289582092515047,19.673824222267285
2011.0,SKO,0.44091364,0.0,0.44091364,0.17246944672660902,4.436314839869738
2011.0,UK,0.493769056,22.15105033,70.26957759550001,0.859375,9.75
2011.0,USA,0.509202265,0.0,0.509202265,29.20857164003087,25.272539720761415
2011.0,WEU,0.492914358,0.0,0.492914358,2.689632907545729,39.98643501436891
2012.0,AFR,0.508133816,0.0,0.508133816,0.20717452985957152,6.390724546055935
2012.0,AUS,0.505268406,0.0,0.505268406,1.6179427036113339,5.600858418736607
2012.0,CAN,0.532384683,0.0,0.532384683,0.5561622109380551,3.0984093218576163
2012.0,CSA,0.516866761,0.0,0.516866761,3.0915693937844466,10.262575431028381
2012.0,CHI,0.511565935,0.0,0.511565935,9.349343362729996,13.266736433040933
2012.0,EEU,0.5128009,0.0,0.5128009,0.008062301543986905,1.4075126085390366
2012.0,FSU,0.490723764,0.0,0.490723764,1.0618966262529739,5.014691022581246
2012.0,IND,0.454332084,0.0,0.454332084,1.0050011328421533,2.934336723992601
2012.0,JPN,0.483674741,0.0,0.483674741,2.4964068246772513,6.960055018309504
2012.0,MEX,0.525556444,0.0,0.525556444,0.3738554333394859,1.7222035587765276
2012.0,MEA,0.493833977,0.0,0.493833977,0.24421833823436145,20.513654370588483
2012.0,ODA,0.503138486,0.0,0.503138486,2.2850464239766097,19.252661115177034
2012.0,SKO,0.452220356,0.0,0.452220356,0.1453791324456688,4.429374220548198
2012.0,UK,0.512145528,44.30210065,140.0637625755,0.6875,9.75
2012.0,USA,0.526923874,0.0,0.526923874,29.891320697936692,24.245315224474325
2012.0,WEU,0.510436131,0.0,0.510436131,2.118410498344275,34.90764269353531
2013.0,AFR,0.524718054,0.0,0.524718054,0.14881971381305448,6.321702529561662
2013.0,AUS,0.526294279,0.0,0.526294279,1.399281721231091,5.306297425064258
2013.0,CAN,0.558293145,0.0,0.558293145,0.5277411068673246,3.2871600002981722
2013.0,CSA,0.534637992,0.0,0.534637992,2.769744894831369,10.04846186959594
2013.0,CHI,0.532702203,0.0,0.532702203,10.304595227353275,13.698161138454452
2013.0,EEU,0.531631274,0.0,0.531631274,0.0056282909950198245,1.490724822942866
2013.0,FSU,0.511860032,0.0,0.511860032,1.0699911394503943,5.084171844962839
2013.0,IND,0.480660265,0.0,0.480660265,1.0146000509266742,2.9771725579630584
2013.0,JPN,0.490668165,0.0,0.490668165,1.8617433276958764,6.020371020305902
2013.0,MEX,0.543383087,0.0,0.543383087,0.36075661175709683,1.8241643662331626
2013.0,MEA,0.514658287,0.0,0.514658287,0.2043192898121049,20.794059501728043
2013.0,ODA,0.524126491,0.0,0.524126491,2.0584709529891825,18.62231535317187
2013.0,SKO,0.463527071,0.0,0.463527071,0.1287394161481643,4.566127345431596
2013.0,UK,0.530522,66.45315098,209.85794758699998,0.53125,9.0
2013.0,USA,0.544645482,0.0,0.544645482,30.21041532123087,23.431565151280665
2013.0,WEU,0.527957903,0.0,0.527957903,1.9463255700102877,35.49320866924245
2014.0,AFR,0.541302292,0.0,0.541302292,0.10467730059303904,6.271157181206945
2014.0,AUS,0.547320151,0.0,0.547320151,1.1834524048772437,5.034258165454958
2014.0,CAN,0.584201608,0.0,0.584201608,0.4786637739598518,3.352557492791675
2014.0,CSA,0.552409222,0.0,0.552409222,2.39222759038849,9.417526128036343
2014.0,CHI,0.553838471,0.0,0.553838471,11.06698061618954,14.088281660777284
2014.0,EEU,0.550461648,0.0,0.550461648,0.0028648935205950465,1.484994594433374
2014.0,FSU,0.5329963,0.0,0.5329963,0.8266200430673223,4.609641155548161
2014.0,IND,0.506988446,0.0,0.506988446,1.0633078793180175,3.0718324901536107
2014.0,JPN,0.49766159,0.0,0.49766159,1.6282928702421486,5.728374211350456
2014.0,MEX,0.561209729,0.0,0.561209729,0.32911915230215527,1.825604778015986
2014.0,MEA,0.535482598,0.0,0.535482598,0.16151056597605873,20.560421833324654
2014.0,ODA,0.545114495,0.0,0.545114495,1.7979457071886031,17.966167323478658
2014.0,SKO,0.474833787,0.0,0.474833787,0.11420431063743308,4.795842635445297
2014.0,UK,0.548898471,88.6042013,279.652132566,0.375,9.5
2014.0,USA,0.562367091,0.0,0.562367091,31.104757428561584,23.01512093058409
2014.0,WEU,0.545479675,0.0,0.545479675,1.6546689101988719,34.4049126810969
2015.0,AFR,0.55788653,0.0,0.55788653,0.5623000000023239,6.675699999996141
2015.0,AUS,0.568346024,0.0,0.568346024,2.0203000000547036,5.585000000079162
2015.0,CAN,0.610110071,0.0,0.610110071,1.5111000000033528,3.7894000000087544
2015.0,CSA,0.570180453,0.0,0.570180453,3.9388999999784318,9.736700000027326
2015.0,CHI,0.574974739,0.0,0.574974739,14.026800000108778,15.86969999971916
2015.0,EEU,0.569292022,0.0,0.569292022,0.03919999999993706,1.5704999999943539
2015.0,FSU,0.554132568,0.0,0.554132568,1.6068999999947096,4.975500000079592
2015.0,IND,0.533316627,0.0,0.533316627,2.432600000000093,3.4879000000073574
2015.0,JPN,0.504655014,0.0,0.504655014,2.778099999995902,6.198299999930896
2015.0,MEX,0.579036372,0.0,0.579036372,0.9308000000019092,1.9398999999975786
2015.0,MEA,0.556306909,0.0,0.556306909,1.1456999999972446,22.4561000001886
2015.0,ODA,0.566102499,0.0,0.566102499,4.268099999971298,19.217699999977413
2015.0,SKO,0.486140502,0.0,0.486140502,0.38980000000083237,5.310699999972712
2015.0,UK,0.567274943,110.7552516,349.4463174829999,0.453125,9.5
2015.0,USA,0.5800887,0.0,0.5800887,34.35540000011923,23.672199999877193
2015.0,WEU,0.563001447,0.0,0.563001447,3.6091000000176834,35.33540000002722
2016.0,AFR,0.574470768,0.0,0.574470768,0.4694000000077949,6.448899999969399
2016.0,AUS,0.589371896,0.0,0.589371896,2.209299999907671,6.121299999998882
2016.0,CAN,0.636018534,0.0,0.636018534,1.536599999992177,3.8760999999940395
2016.0,CSA,0.587951683,0.0,0.587951683,3.423900000039609,8.960499999967169
2016.0,CHI,0.596111007,0.0,0.596111007,15.07829999923706,17.537100000001374
2016.0,EEU,0.588122397,0.0,0.588122397,0.038699999999607826,1.6224999999885767
2016.0,FSU,0.575268836,0.0,0.575268836,1.4301000000081956,4.759100000079343
2016.0,IND,0.559644808,0.0,0.559644808,2.6833999999798834,3.74910000001546
2016.0,JPN,0.511648439,0.0,0.511648439,3.4575999999651685,7.252199999988079
2016.0,MEX,0.596863015,0.0,0.596863015,0.7106000000203494,1.7163999999756925
2016.0,MEA,0.577131219,0.0,0.577131219,1.180000000000689,23.5254999999961
2016.0,ODA,0.587090503,0.0,0.587090503,4.767599999880815,21.250100000088423
2016.0,SKO,0.497447218,0.0,0.497447218,0.41419999999925494,5.8178000000771135
2016.0,UK,0.585651415,132.906302,419.240502715,0.0,0.0
2016.0,USA,0.597810308,0.0,0.597810308,37.17049999959761,24.834400000694586
2016.0,WEU,0.58052322,0.0,0.58052322,3.6314000000056694,36.65089999976044
2017.0,AFR,0.591055006,0.0,0.591055006,0.5266863599807465,6.550749407051605
2017.0,AUS,0.610397769,0.0,0.610397769,2.3527015917732643,6.471929464962744
2017.0,CAN,0.661926996,0.0,0.661926996,1.6118730981742098,4.06814619634842
2017.0,CSA,0.605722914,0.0,0.605722914,3.9835701215214017,9.590459720693746
2017.0,CHI,0.617247275,0.0,0.617247275,15.811950453565244,18.432359508723952
2017.0,EEU,0.606952771,0.0,0.606952771,0.04108949441139963,1.7302062373357825
2017.0,FSU,0.596405104,0.0,0.596405104,1.763208941968354,5.141342435459367
2017.0,IND,0.585972988,0.0,0.585972988,3.0386632497482706,4.097393738993971
2017.0,JPN,0.518641863,0.0,0.518641863,3.427950994435002,7.444771617553492
2017.0,MEX,0.614689657,0.0,0.614689657,0.7150624782397478,1.7846603646838421
2017.0,MEA,0.59795553,0.0,0.59795553,1.0825787932090771,23.94481607468518
2017.0,ODA,0.608078508,0.0,0.608078508,4.997845253383785,22.263625340684662
2017.0,SKO,0.508753933,0.0,0.508753933,0.444161761722945,6.224991972346752
2017.0,UK,0.604027886,155.0573523,489.03468763099994,0.0,0.0
2017.0,USA,0.615531917,0.0,0.615531917,37.67249254501314,25.637368878032145
2017.0,WEU,0.598044992,0.0,0.598044992,3.7851244907966226,38.468151640999785
2018.0,AFR,0.607639244,0.0,0.607639244,0.5422316831899316,6.669974937122451
2018.0,AUS,0.631423641,0.0,0.631423641,2.33078473599066,6.521195420951598
2018.0,CAN,0.687835459,0.0,0.687835459,1.5748505642251178,4.050707455034321
2018.0,CSA,0.623494145,0.0,0.623494145,4.071924568853126,9.696062266154142
2018.0,CHI,0.638383543,0.0,0.638383543,17.099752574057586,19.082338618233642
2018.0,EEU,0.625783145,0.0,0.625783145,0.04142119544450938,1.730893403654864
2018.0,FSU,0.617541371,0.0,0.617541371,1.7829685228216765,5.2373317909661745
2018.0,IND,0.612301169,0.0,0.612301169,3.3319298182328145,4.334879358199133
2018.0,JPN,0.525635288,0.0,0.525635288,3.3552376289960817,7.468122487292277
2018.0,MEX,0.6325163,0.0,0.6325163,0.7132737040768521,1.7911915375481093
2018.0,MEA,0.618779841,0.0,0.618779841,1.0639256803991635,24.361700770253286
2018.0,ODA,0.629066512,0.0,0.629066512,5.265252834530846,22.769080515488646
2018.0,SKO,0.520060649,0.0,0.520060649,0.44031907750868715,6.265221969668424
2018.0,UK,0.622404358,177.2084026,558.828872548,0.0,0.0
2018.0,USA,0.633253525,0.0,0.633253525,37.24994625552116,25.660089339164486
2018.0,WEU,0.615566764,0.0,0.615566764,3.70680185767099,38.34754837030791
2019.0,AFR,0.624223482,0.0,0.624223482,0.5532439077661455,6.781347519530358
2019.0,AUS,0.652449514,0.0,0.652449514,2.275701981467879,6.553519237370801
2019.0,CAN,0.713743922,0.0,0.713743922,1.5373890945334912,4.043357817160743
2019.0,CSA,0.641265375,0.0,0.641265375,4.112059044330609,9.812783185514899
2019.0,CHI,0.659519811,0.0,0.659519811,18.30471226463519,19.656293943023115
2019.0,EEU,0.644613519,0.0,0.644613519,0.041463402066219505,1.7303292527238718
2019.0,FSU,0.638677639,0.0,0.638677639,1.8060626817032486,5.331633882565155
2019.0,IND,0.63862935,0.0,0.63862935,3.6092136452901546,4.568376344046368
2019.0,JPN,0.532628712,0.0,0.532628712,3.222603715465424,7.443152087507586
2019.0,MEX,0.650342943,0.0,0.650342943,0.7088220018436672,1.8100550804775943
2019.0,MEA,0.639604152,0.0,0.639604152,1.0372845808879714,24.74372558485793
2019.0,ODA,0.650054516,0.0,0.650054516,5.492156768609709,23.17098466008528
2019.0,SKO,0.531367364,0.0,0.531367364,0.4262418179584602,6.275930327593426
2019.0,UK,0.640780829,199.3594529,628.6230574640001,0.0,0.0
2019.0,USA,0.650975134,0.0,0.650975134,36.842121135840934,25.8130082877177
2019.0,WEU,0.633088536,0.0,0.633088536,3.6392907865255344,38.19683922201068
2020.0,AFR,0.64080772,0.0,0.64080772,0.5570880377044749,6.872985063773807
2020.0,AUS,0.673475386,0.0,0.673475386,2.2142692085014377,6.58450753581165
2020.0,CAN,0.739652385,0.0,0.739652385,1.4891933585586707,4.006495153661767
2020.0,CSA,0.659036606,0.0,0.659036606,4.105342324549774,9.843167404676633
2020.0,CHI,0.680656079,0.0,0.680656079,19.603772509481487,20.274097775194544
2020.0,EEU,0.663443893,0.0,0.663443893,0.040955959230925244,1.721973869325819
2020.0,FSU,0.659813907,0.0,0.659813907,1.8163361531443214,5.408512919483569
2020.0,IND,0.664957531,0.0,0.664957531,3.882482306075056,4.773872647826757
2020.0,JPN,0.539622137,0.0,0.539622137,3.0715099826801975,7.410314664416035
2020.0,MEX,0.668169585,0.0,0.668169585,0.69652190985343,1.8046803544326928
2020.0,MEA,0.660428462,0.0,0.660428462,1.006959687265101,25.064565729434747
2020.0,ODA,0.67104252,0.0,0.67104252,5.698619518066848,23.55294086050356
2020.0,SKO,0.54267408,0.0,0.54267408,0.4075940052711899,6.282476866962994
2020.0,UK,0.659157301,221.5105033,698.417242696,0.0,0.0
2020.0,USA,0.668696743,0.0,0.668696743,36.15917428982075,25.88070580859617
2020.0,WEU,0.650610309,0.0,0.650610309,3.5150281483910253,37.93396421542755
2021.0,AFR,0.639239902,26.88969235,85.3417708045,0.0,0.0
2021.0,AUS,0.672382389,26.88969209,85.3749124725,0.0,0.0
2021.0,CAN,0.748988686,21.47377716,68.39138674,0.0,0.0
2021.0,CSA,0.657626086,26.88969254,85.36015758699999,0.0,0.0
2021.0,CHI,0.679658433,26.88969269,85.3821904065,0.0,0.0
2021.0,EEU,0.66161863,26.88968977,85.3641414055,0.0,0.0
2021.0,FSU,0.658816262,26.88969259,85.3613479205,0.0,0.0
2021.0,IND,0.66370423,26.88969237,85.36623519549998,0.0,0.0
2021.0,JPN,0.533449687,26.88969238,85.235980684,0.0,0.0
2021.0,MEX,0.664265432,26.88969022,85.36678962499998,0.0,0.0
2021.0,MEA,0.659101402,26.88969272,85.36163347,0.0,0.0
2021.0,ODA,0.670343524,26.75194795,84.93897956650001,0.0,0.0
2021.0,SKO,0.552716706,26.88969167,85.2552454665,0.0,0.0
2021.0,UK,0.65543952,226.2491454,713.3402475299999,0.0,0.0
2021.0,USA,0.664897616,26.88969278,85.367429873,0.0,0.0
2021.0,WEU,0.646540375,26.88969274,85.349072506,0.0,0.0
2022.0,AFR,0.637672083,53.7793847,170.04273388800001,0.0,0.0
2022.0,AUS,0.671289392,53.77938419,170.0763495905,0.0,0.0
2022.0,CAN,0.758324988,42.94755433,136.0431211275,0.0,0.0
2022.0,CSA,0.656215567,53.77938508,170.061278569,0.0,0.0
2022.0,CHI,0.678660787,53.77938539,170.08372476550002,0.0,0.0
2022.0,EEU,0.659793366,53.77937953,170.0648388855,0.0,0.0
2022.0,FSU,0.657818617,53.77938518,170.062881934,0.0,0.0
2022.0,IND,0.662450928,53.77938474,170.06751285899998,0.0,0.0
2022.0,JPN,0.527277237,53.77938477,169.9323392625,0.0,0.0
2022.0,MEX,0.660361279,53.77938044,170.06540966499998,0.0,0.0
2022.0,MEA,0.657774342,53.77938545,170.0628385095,0.0,0.0
2022.0,ODA,0.669644527,53.50389591,169.2069166435,0.0,0.0
2022.0,SKO,0.562759332,53.77938333,169.9678168215,0.0,0.0
2022.0,UK,0.65172174,230.9877876,728.2632526799999,0.0,0.0
2022.0,USA,0.661098488,53.77938557,170.0661630335,0.0,0.0
2022.0,WEU,0.642470442,53.77938547,170.04753467249998,0.0,0.0
2023.0,AFR,0.636104264,80.66907705,254.7436969715,0.0,0.0
2023.0,AUS,0.670196395,80.66907628,254.777786677,0.0,0.0
2023.0,CAN,0.767661289,64.42133149,203.69485548249997,0.0,0.0
2023.0,CSA,0.654805048,80.66907762,254.76239955099996,0.0,0.0
2023.0,CHI,0.677663142,80.66907808,254.785259094,0.0,0.0
2023.0,EEU,0.657968103,80.6690693,254.765536398,0.0,0.0
2023.0,FSU,0.656820971,80.66907777,254.7644159465,0.0,0.0
2023.0,IND,0.661197627,80.66907711,254.7687905235,0.0,0.0
2023.0,JPN,0.521104788,80.66907715,254.62869781050003,0.0,0.0
2023.0,MEX,0.656457126,80.66907066,254.76402970499998,0.0,0.0
2023.0,MEA,0.656447282,80.66907817,254.7640435175,0.0,0.0
2023.0,ODA,0.668945531,80.25584386,253.47485368999997,0.0,0.0
2023.0,SKO,0.572801958,80.669075,254.68038820800004,0.0,0.0
2023.0,UK,0.648003959,235.7264297,743.186257514,0.0,0.0
2023.0,USA,0.657299361,80.66907835,254.76489616350003,0.0,0.0
2023.0,WEU,0.638400509,80.66907821,254.7459968705,0.0,0.0
2024.0,AFR,0.634536446,107.5587694,339.44466005600003,0.0,0.0
2024.0,AUS,0.669103398,107.5587684,339.479223858,0.0,0.0
2024.0,CAN,0.77699759,85.89510865,271.3465898375,0.0,0.0
2024.0,CSA,0.653394528,107.5587702,339.46352065799994,0.0,0.0
2024.0,CHI,0.676665496,107.5587708,339.486793516,0.0,0.0
2024.0,EEU,0.656142839,107.5587591,339.466234004,0.0,0.0
2024.0,FSU,0.655823326,107.5587704,339.465950086,0.0,0.0
2024.0,IND,0.659944326,107.5587695,339.470068251,0.0,0.0
2024.0,JPN,0.514932338,107.5587695,339.32505626299996,0.0,0.0
2024.0,MEX,0.652552973,107.5587609,339.462649808,0.0,0.0
2024.0,MEA,0.655120222,107.5587709,339.465248557,0.0,0.0
2024.0,ODA,0.668246534,107.0077918,337.742790704,0.0,0.0
2024.0,SKO,0.582844585,107.5587667,339.39295969,0.0,0.0
2024.0,UK,0.644286179,240.4650719,758.109262664,0.0,0.0
2024.0,USA,0.653500234,107.5587711,339.46362919899997,0.0,0.0
2024.0,WEU,0.634330575,107.5587709,339.44445891,0.0,0.0
2025.0,AFR,0.632968627,134.4484618,424.145623297,0.0,0.0
2025.0,AUS,0.668010401,134.4484605,424.180660976,0.0,0.0
2025.0,CAN,0.786333892,107.3688858,338.998324162,0.0,0.0
2025.0,CSA,0.651984009,134.4484627,424.164641514,0.0,0.0
2025.0,CHI,0.675667851,134.4484635,424.188327876,0.0,0.0
2025.0,EEU,0.654317576,134.4484488,424.166931296,0.0,0.0
2025.0,FSU,0.654825681,134.4484629,424.167483816,0.0,0.0
2025.0,IND,0.658691024,134.4484619,424.17134600900005,0.0,0.0
2025.0,JPN,0.508759889,134.4484619,424.021414874,0.0,0.0
2025.0,MEX,0.64864882,134.4484511,424.161269785,0.0,0.0
2025.0,MEA,0.653793162,134.4484636,424.16645350199997,0.0,0.0
2025.0,ODA,0.667547538,133.7597398,422.01072790800004,0.0,0.0
2025.0,SKO,0.592887211,134.4484583,424.105530856,0.0,0.0
2025.0,UK,0.640568398,245.203714,773.032267498,0.0,0.0
2025.0,USA,0.649701106,134.4484639,424.16236239100004,0.0,0.0
2025.0,WEU,0.630260642,134.4484637,424.14292129699993,0.0,0.0
2026.0,AFR,0.631400808,161.3381541,508.846586223,0.0,0.0
2026.0,AUS,0.666917404,161.3381526,508.882098094,0.0,0.0
2026.0,CAN,0.795670193,128.842663,406.6500586429999,0.0,0.0
2026.0,CSA,0.650573489,161.3381552,508.865762369,0.0,0.0
2026.0,CHI,0.674670205,161.3381562,508.88986223499995,0.0,0.0
2026.0,EEU,0.652492313,161.3381386,508.86762890299997,0.0,0.0
2026.0,FSU,0.653828036,161.3381555,508.869017861,0.0,0.0
2026.0,IND,0.657437723,161.3381542,508.87262345299996,0.0,0.0
2026.0,JPN,0.502587439,161.3381543,508.7177734840001,0.0,0.0
2026.0,MEX,0.644744667,161.3381413,508.85988976199997,0.0,0.0
2026.0,MEA,0.652466101,161.3381563,508.867658446,0.0,0.0
2026.0,ODA,0.666848541,160.5116877,506.278664796,0.0,0.0
2026.0,SKO,0.602929837,161.33815,508.818102337,0.0,0.0
2026.0,UK,0.636850617,249.9423562,787.955272647,0.0,0.0
2026.0,USA,0.645901979,161.3381567,508.861095584,0.0,0.0
2026.0,WEU,0.626190708,161.3381564,508.84138336800004,0.0,0.0
2027.0,AFR,0.629832989,188.2278465,593.547549464,0.0,0.0
2027.0,AUS,0.665824407,188.2278447,593.5835352119999,0.0,0.0
2027.0,CAN,0.805006495,150.3164401,474.30179280999994,0.0,0.0
2027.0,CSA,0.64916297,188.2278478,593.56688354,0.0,0.0
2027.0,CHI,0.673672559,188.2278488,593.591396279,0.0,0.0
2027.0,EEU,0.650667049,188.2278284,593.568326509,0.0,0.0
2027.0,FSU,0.652830391,188.2278481,593.5705519059999,0.0,0.0
2027.0,IND,0.656184422,188.2278466,593.573901212,0.0,0.0
2027.0,JPN,0.496414989,188.2278467,593.4141320939999,0.0,0.0
2027.0,MEX,0.640840514,188.2278315,593.5585097390001,0.0,0.0
2027.0,MEA,0.651139041,188.2278491,593.5688637059999,0.0,0.0
2027.0,ODA,0.666149544,187.2636357,590.546601999,0.0,0.0
2027.0,SKO,0.612972464,188.2278417,593.530673819,0.0,0.0
2027.0,UK,0.633132837,254.6809983,802.8782774819999,0.0,0.0
2027.0,USA,0.642102852,188.2278495,593.5598287769999,0.0,0.0
2027.0,WEU,0.622120775,188.2278492,593.539845755,0.0,0.0
2028.0,AFR,0.628265171,215.1175388,678.248512391,0.0,0.0
2028.0,AUS,0.66473141,215.1175367,678.2849720149999,0.0,0.0
2028.0,CAN,0.814342796,171.7902173,541.953527291,0.0,0.0
2028.0,CSA,0.647752451,215.1175403,678.2680043959999,0.0,0.0
2028.0,CHI,0.672674914,215.1175415,678.292930639,0.0,0.0
2028.0,EEU,0.648841786,215.1175181,678.2690238010001,0.0,0.0
2028.0,FSU,0.651832745,215.1175407,678.27208595,0.0,0.0
2028.0,IND,0.65493112,215.117539,678.27517897,0.0,0.0
2028.0,JPN,0.49024254,215.1175391,678.110490705,0.0,0.0
2028.0,MEX,0.636936361,215.1175218,678.257130031,0.0,0.0
2028.0,MEA,0.649811981,215.1175418,678.270068651,0.0,0.0
2028.0,ODA,0.665450548,214.0155836,674.814538888,0.0,0.0
2028.0,SKO,0.62301509,215.1175333,678.2432449849999,0.0,0.0
2028.0,UK,0.629415056,259.4196405,817.8012826309999,0.0,0.0
2028.0,USA,0.638303725,215.1175423,678.25856197,0.0,0.0
2028.0,WEU,0.618050841,215.1175419,678.238307826,0.0,0.0
2029.0,AFR,0.626697352,242.0072312,762.9494756319999,0.0,0.0
2029.0,AUS,0.663638413,242.0072288,762.9864091329999,0.0,0.0
2029.0,CAN,0.823679098,193.2639945,609.6052617729999,0.0,0.0
2029.0,CSA,0.646341931,242.0072329,762.969125566,0.0,0.0
2029.0,CHI,0.671677268,242.0072342,762.994464998,0.0,0.0
2029.0,EEU,0.647016522,242.0072079,762.969721407,0.0,0.0
2029.0,FSU,0.6508351,242.0072333,762.9736199949999,0.0,0.0
2029.0,IND,0.653677819,242.0072313,762.9764564139999,0.0,0.0
2029.0,JPN,0.48407009,242.0072315,762.806849315,0.0,0.0
2029.0,MEX,0.633032208,242.007212,762.955750008,0.0,0.0
2029.0,MEA,0.648484921,242.0072345,762.971273596,0.0,0.0
2029.0,ODA,0.664751551,240.7675316,759.082476091,0.0,0.0
2029.0,SKO,0.633057716,242.007225,762.9558164660001,0.0,0.0
2029.0,UK,0.625697276,264.1582826,832.724287466,0.0,0.0
2029.0,USA,0.634504597,242.0072351,762.957295162,0.0,0.0
2029.0,WEU,0.613980908,242.0072346,762.936769898,0.0,0.0
2030.0,AFR,0.625129533,268.8969235,847.650438558,0.0,0.0
2030.0,AUS,0.662545415,268.8969209,847.6878462499999,0.0,0.0
2030.0,CAN,0.833015399,214.7377716,677.256995939,0.0,0.0
2030.0,CSA,0.644931412,268.8969254,847.670246422,0.0,0.0
2030.0,CHI,0.670679623,268.8969269,847.6959993579999,0.0,0.0
2030.0,EEU,0.645191259,268.8968977,847.670419014,0.0,0.0
2030.0,FSU,0.649837455,268.8969259,847.6751540399999,0.0,0.0
2030.0,IND,0.652424518,268.8969237,847.677734173,0.0,0.0
2030.0,JPN,0.477897641,268.8969238,847.5032076110001,0.0,0.0
2030.0,MEX,0.629128055,268.8969022,847.654369985,0.0,0.0
2030.0,MEA,0.647157861,268.8969272,847.6724785409999,0.0,0.0
2030.0,ODA,0.664052555,267.5194795,843.35041298,0.0,0.0
2030.0,SKO,0.643100342,268.8969167,847.668387947,0.0,0.0
2030.0,UK,0.621979495,268.8969248,847.6472926150001,0.0,0.0
2030.0,USA,0.63070547,268.8969278,847.65602804,0.0,0.0
2030.0,WEU,0.609910975,268.8969274,847.6352322849999,0.0,0.0
2031.0,AFR,0.615364542,281.8003555,888.286484367,0.0,0.0
2031.0,AUS,0.65092045,281.8003484,888.32201791,0.0,0.0
2031.0,CAN,0.803321369,233.057116,734.9332367689999,0.0,0.0
2031.0,CSA,0.635984201,281.1110766,886.135875491,0.0,0.0
2031.0,CHI,0.659964003,281.8003591,888.3310951679999,0.0,0.0
2031.0,EEU,0.634341661,281.8003236,888.305361001,0.0,0.0
2031.0,FSU,0.638298241,281.8003577,888.3094249960001,0.0,0.0
2031.0,IND,0.638430463,281.8003556,888.3095506029999,0.0,0.0
2031.0,JPN,0.464731528,281.8003561,888.1358532429999,0.0,0.0
2031.0,MEX,0.617698977,281.8003317,888.288743832,0.0,0.0
2031.0,MEA,0.637064089,281.80036,888.308198089,0.0,0.0
2031.0,ODA,0.653608273,280.560656,884.419674673,0.0,0.0
2031.0,SKO,0.61494307,281.8003487,888.2860414749998,0.0,0.0
2031.0,UK,0.619221276,281.8003555,888.290341101,0.0,0.0
2031.0,USA,0.619276382,281.8003606,888.2904122719998,0.0,0.0
2031.0,WEU,0.602364474,281.80036,888.273498474,0.0,0.0
2032.0,AFR,0.605599552,294.7037875,928.9225301769999,0.0,0.0
2032.0,AUS,0.639295485,294.7037759,928.95618957,0.0,0.0
2032.0,CAN,0.773627339,251.3764604,792.609477599,0.0,0.0
2032.0,CSA,0.62703699,293.3252278,924.60150456,0.0,0.0
2032.0,CHI,0.649248383,294.7037913,928.9661909779999,0.0,0.0
2032.0,EEU,0.623492063,294.7037495,928.940302988,0.0,0.0
2032.0,FSU,0.626759026,294.7037894,928.9436956359999,0.0,0.0
2032.0,IND,0.624436409,294.7037874,928.941366719,0.0,0.0
2032.0,JPN,0.451565416,294.7037883,928.7684985609999,0.0,0.0
2032.0,MEX,0.606269899,294.7037611,928.9231173640001,0.0,0.0
2032.0,MEA,0.626970318,294.7037927,928.9439173229999,0.0,0.0
2032.0,ODA,0.643163991,293.6018324,925.488936051,0.0,0.0
2032.0,SKO,0.586785798,294.7037808,928.903695318,0.0,0.0
2032.0,UK,0.616463058,294.7037862,928.9333895880001,0.0,0.0
2032.0,USA,0.607847295,294.7037933,928.9247961899999,0.0,0.0
2032.0,WEU,0.594817973,294.7037927,928.911764978,0.0,0.0
2033.0,AFR,0.595834561,307.6072196,969.5585763009999,0.0,0.0
2033.0,AUS,0.62767052,307.6072034,969.59036123,0.0,0.0
2033.0,CAN,0.743933309,269.6958048,850.285718429,0.0,0.0
2033.0,CSA,0.618089779,305.539379,963.067133629,0.0,0.0
2033.0,CHI,0.638532764,307.6072235,969.6012867889999,0.0,0.0
2033.0,EEU,0.612642465,307.6071754,969.575244975,0.0,0.0
2033.0,FSU,0.615219812,307.6072212,969.577966592,0.0,0.0
2033.0,IND,0.610442354,307.6072193,969.573183149,0.0,0.0
2033.0,JPN,0.438399304,307.6072205,969.4011438789998,0.0,0.0
2033.0,MEX,0.594840822,307.6071906,969.5574912120001,0.0,0.0
2033.0,MEA,0.616876546,307.6072254,969.579636556,0.0,0.0
2033.0,ODA,0.632719709,306.6430089,966.5581977439999,0.0,0.0
2033.0,SKO,0.558628526,307.6072128,969.521348846,0.0,0.0
2033.0,UK,0.613704839,307.6072169,969.5764380740001,0.0,0.0
2033.0,USA,0.596418207,307.607226,969.5591801070001,0.0,0.0
2033.0,WEU,0.587271472,307.6072254,969.550031482,0.0,0.0
2034.0,AFR,0.58606957,320.5106516,1010.19462211,0.0,0.0
2034.0,AUS,0.616045555,320.5106308,1010.224532575,0.0,0.0
2034.0,CAN,0.714239279,288.0151492,907.961959259,0.0,0.0
2034.0,CSA,0.609142568,317.7535302,1001.532762698,0.0,0.0
2034.0,CHI,0.627817144,320.5106557,1010.2363825989999,0.0,0.0
2034.0,EEU,0.601792866,320.5106013,1010.210186961,0.0,0.0
2034.0,FSU,0.603680598,320.5106529,1010.212237233,0.0,0.0
2034.0,IND,0.5964483,320.5106512,1010.2049995799999,0.0,0.0
2034.0,JPN,0.425233192,320.5106527,1010.0337891969998,0.0,0.0
2034.0,MEX,0.583411744,320.5106201,1010.191865059,0.0,0.0
2034.0,MEA,0.606782774,320.5106581,1010.2153557889999,0.0,0.0
2034.0,ODA,0.622275427,319.6841853,1007.627459122,0.0,0.0
2034.0,SKO,0.530471253,320.5106449,1010.1390026879999,0.0,0.0
2034.0,UK,0.61094662,320.5106476,1010.2194865600001,0.0,0.0
2034.0,USA,0.584989119,320.5106587,1010.1935640240001,0.0,0.0
2034.0,WEU,0.579724971,320.5106581,1010.188297986,0.0,0.0
2035.0,AFR,0.576304579,333.4140836,1050.830667919,0.0,0.0
2035.0,AUS,0.60442059,333.4140583,1050.858704235,0.0,0.0
2035.0,CAN,0.684545249,306.3344936,965.638200089,0.0,0.0
2035.0,CSA,0.600195357,329.9676814,1039.9983917670002,0.0,0.0
2035.0,CHI,0.617101525,333.4140878,1050.871478095,0.0,0.0
2035.0,EEU,0.590943268,333.4140273,1050.845129263,0.0,0.0
2035.0,FSU,0.592141383,333.4140847,1050.846508188,0.0,0.0
2035.0,IND,0.582454245,333.414083,1050.836815695,0.0,0.0
2035.0,JPN,0.41206708,333.414085,1050.66643483,0.0,0.0
2035.0,MEX,0.571982666,333.4140495,1050.8262385909998,0.0,0.0
2035.0,MEA,0.596689003,333.4140908,1050.8510750229998,0.0,0.0
2035.0,ODA,0.611831145,332.7253617,1048.6967205,0.0,0.0
2035.0,SKO,0.502313981,333.4140769,1050.756656216,0.0,0.0
2035.0,UK,0.608188401,333.4140783,1050.8625350460002,0.0,0.0
2035.0,USA,0.573560031,333.4140914,1050.827947941,0.0,0.0
2035.0,WEU,0.57217847,333.4140908,1050.8265644899998,0.0,0.0
2036.0,AFR,0.566539588,346.3175156,1091.466713728,0.0,0.0
2036.0,AUS,0.592795625,346.3174858,1091.492875895,0.0,0.0
2036.0,CAN,0.654851219,324.653838,1023.3144409189999,0.0,0.0
2036.0,CSA,0.591248146,342.1818326,1078.464020836,0.0,0.0
2036.0,CHI,0.606385905,346.31752,1091.506573905,0.0,0.0
2036.0,EEU,0.58009367,346.3174532,1091.48007125,0.0,0.0
2036.0,FSU,0.580602169,346.3175165,1091.480779144,0.0,0.0
2036.0,IND,0.568460191,346.3175149,1091.4686321259999,0.0,0.0
2036.0,JPN,0.398900968,346.3175172,1091.2990801479998,0.0,0.0
2036.0,MEX,0.560553588,346.317479,1091.460612438,0.0,0.0
2036.0,MEA,0.586595231,346.3175235,1091.486794256,0.0,0.0
2036.0,ODA,0.601386863,345.7665382,1089.7659821930001,0.0,0.0
2036.0,SKO,0.474156709,346.3175089,1091.374309744,0.0,0.0
2036.0,UK,0.605430183,346.317509,1091.505583533,0.0,0.0
2036.0,USA,0.562130944,346.3175241,1091.462331859,0.0,0.0
2036.0,WEU,0.564631969,346.3175235,1091.4648309939998,0.0,0.0
2037.0,AFR,0.556774597,359.2209476,1132.1027595369999,0.0,0.0
2037.0,AUS,0.58117066,359.2209133,1132.127047555,0.0,0.0
2037.0,CAN,0.625157189,342.9731824,1080.9906817489998,0.0,0.0
2037.0,CSA,0.582300935,354.3959838,1116.929649905,0.0,0.0
2037.0,CHI,0.595670285,359.2209522,1132.141669715,0.0,0.0
2037.0,EEU,0.569244072,359.2208791,1132.1150132369999,0.0,0.0
2037.0,FSU,0.569062955,359.2209482,1132.1150497849999,0.0,0.0
2037.0,IND,0.554466136,359.2209467,1132.100448241,0.0,0.0
2037.0,JPN,0.385734855,359.2209494,1131.931725465,0.0,0.0
2037.0,MEX,0.54912451,359.2209085,1132.094986285,0.0,0.0
2037.0,MEA,0.57650146,359.2209563,1132.122513805,0.0,0.0
2037.0,ODA,0.590942581,358.8077146,1130.835243571,0.0,0.0
2037.0,SKO,0.445999436,359.220941,1131.9919635859999,0.0,0.0
2037.0,UK,0.602671964,359.2209397,1132.1486320189997,0.0,0.0
2037.0,USA,0.550701856,359.2209569,1132.0967160909997,0.0,0.0
2037.0,WEU,0.557085468,359.2209562,1132.103097498,0.0,0.0
2038.0,AFR,0.547009606,372.1243796,1172.738805346,0.0,0.0
2038.0,AUS,0.569545695,372.1243407,1172.7612189,0.0,0.0
2038.0,CAN,0.595463158,361.2925268,1138.6669225780001,0.0,0.0
2038.0,CSA,0.573353724,366.6101351,1155.395279289,0.0,0.0
2038.0,CHI,0.584954666,372.1243844,1172.776765526,0.0,0.0
2038.0,EEU,0.558394474,372.124305,1172.749955224,0.0,0.0
2038.0,FSU,0.55752374,372.12438,1172.74932074,0.0,0.0
2038.0,IND,0.540472082,372.1243786,1172.732264672,0.0,0.0
2038.0,JPN,0.372568743,372.1243816,1172.564370783,0.0,0.0
2038.0,MEX,0.537695432,372.1243379,1172.729359817,0.0,0.0
2038.0,MEA,0.566407688,372.124389,1172.758233038,0.0,0.0
2038.0,ODA,0.580498299,371.848891,1171.904504949,0.0,0.0
2038.0,SKO,0.417842164,372.124373,1172.6096171139998,0.0,0.0
2038.0,UK,0.599913745,372.1243704,1172.791680505,0.0,0.0
2038.0,USA,0.539272768,372.1243896,1172.7311000079999,0.0,0.0
2038.0,WEU,0.549538967,372.1243889,1172.741364002,0.0,0.0
2039.0,AFR,0.537244616,385.0278117,1213.3748514709998,0.0,0.0
2039.0,AUS,0.55792073,385.0277682,1213.3953905600001,0.0,0.0
2039.0,CAN,0.565769128,379.6118712,1196.343163408,0.0,0.0
2039.0,CSA,0.564406513,378.8242863,1193.860908358,0.0,0.0
2039.0,CHI,0.574239046,385.0278166,1213.411861336,0.0,0.0
2039.0,EEU,0.547544876,385.027731,1213.384897526,0.0,0.0
2039.0,FSU,0.545984526,385.0278118,1213.383591696,0.0,0.0
2039.0,IND,0.526478027,385.0278105,1213.3640811019998,0.0,0.0
2039.0,JPN,0.359402631,385.0278139,1213.197016416,0.0,0.0
2039.0,MEX,0.526266354,385.0277674,1213.363733664,0.0,0.0
2039.0,MEA,0.556313917,385.0278217,1213.393952272,0.0,0.0
2039.0,ODA,0.570054017,384.8900675,1212.973766642,0.0,0.0
2039.0,SKO,0.389684892,385.0278051,1213.2272709570002,0.0,0.0
2039.0,UK,0.597155526,385.0278011,1213.434728991,0.0,0.0
2039.0,USA,0.52784368,385.0278223,1213.365483925,0.0,0.0
2039.0,WEU,0.541992466,385.0278215,1213.379630191,0.0,0.0
2040.0,AFR,0.527479625,397.9312437,1254.0108972799999,0.0,0.0
2040.0,AUS,0.546295765,397.9311957,1254.02956222,0.0,0.0
2040.0,CAN,0.536075098,397.9312156,1254.0194042379999,0.0,0.0
2040.0,CSA,0.555459302,391.0384375,1232.326537427,0.0,0.0
2040.0,CHI,0.563523427,397.9312488,1254.046957147,0.0,0.0
2040.0,EEU,0.536695277,397.9311569,1254.019839512,0.0,0.0
2040.0,FSU,0.534445312,397.9312435,1254.0178623369998,0.0,0.0
2040.0,IND,0.512483973,397.9312423,1253.995897218,0.0,0.0
2040.0,JPN,0.346236519,397.9312461,1253.829661734,0.0,0.0
2040.0,MEX,0.514837276,397.9311969,1253.998107511,0.0,0.0
2040.0,MEA,0.546220145,397.9312544,1254.029671505,0.0,0.0
2040.0,ODA,0.559609735,397.9312439,1254.04302802,0.0,0.0
2040.0,SKO,0.361527619,397.9312371,1253.8449244839999,0.0,0.0
2040.0,UK,0.594397307,397.9312318,1254.077777477,0.0,0.0
2040.0,USA,0.516414593,397.931255,1253.9998678430002,0.0,0.0
2040.0,WEU,0.534445965,397.9312542,1254.017896695,0.0,0.0
2041.0,AFR,0.537160754,416.1362512,1311.366352034,0.0,0.0
2041.0,AUS,0.561259084,414.6147899,1306.597847269,0.0,0.0
2041.0,CAN,0.548582709,416.1362184,1311.3776706689998,0.0,0.0
2041.0,CSA,0.62893595,390.2908649,1230.0451603849997,0.0,0.0
2041.0,CHI,0.575386263,415.0894507,1308.107155968,0.0,0.0
2041.0,EEU,0.489925782,416.1361709,1311.318864117,0.0,0.0
2041.0,FSU,0.544459828,416.1362534,1311.373658038,0.0,0.0
2041.0,IND,0.526390346,416.1362518,1311.355583516,0.0,0.0
2041.0,JPN,0.352548393,416.1362571,1311.181758258,0.0,0.0
2041.0,MEX,0.524498822,416.1361988,1311.3535250419998,0.0,0.0
2041.0,MEA,0.556142025,416.136267,1311.385383075,0.0,0.0
2041.0,ODA,0.570395244,415.9058175,1310.6737203690002,0.0,0.0
2041.0,SKO,0.386290769,416.1362424,1311.215454329,0.0,0.0
2041.0,UK,0.605111797,415.1044075,1308.183995422,0.0,0.0
2041.0,USA,0.526076112,416.1362678,1311.355319682,0.0,0.0
2041.0,WEU,0.544562073,416.1362668,1311.3738024929999,0.0,0.0
2042.0,AFR,0.546841882,434.3412587,1368.721806787,0.0,0.0
2042.0,AUS,0.576222404,431.2983841,1359.166132319,0.0,0.0
2042.0,CAN,0.561090319,434.3412212,1368.735937099,0.0,0.0
2042.0,CSA,0.702412597,389.5432923,1227.763783342,0.0,0.0
2042.0,CHI,0.587249099,432.2476526,1362.167354789,0.0,0.0
2042.0,EEU,0.443156286,434.3411848,1368.617888406,0.0,0.0
2042.0,FSU,0.554474345,434.3412632,1368.729453425,0.0,0.0
2042.0,IND,0.54029672,434.3412613,1368.7152698149998,0.0,0.0
2042.0,JPN,0.358860267,434.3412681,1368.533854782,0.0,0.0
2042.0,MEX,0.534160367,434.3412008,1368.708942887,0.0,0.0
2042.0,MEA,0.566063905,434.3412796,1368.741094645,0.0,0.0
2042.0,ODA,0.581180753,433.8803912,1367.304413033,0.0,0.0
2042.0,SKO,0.411053919,434.3412476,1368.585983859,0.0,0.0
2042.0,UK,0.615826287,432.2775832,1362.2902133669998,0.0,0.0
2042.0,USA,0.535737632,434.3412805,1368.7107712069999,0.0,0.0
2042.0,WEU,0.554678181,434.3412794,1368.7297082910002,0.0,0.0
2043.0,AFR,0.556523011,452.5462663,1426.0772618560002,0.0,0.0
2043.0,AUS,0.591185723,447.9819783,1411.7344173679999,0.0,0.0
2043.0,CAN,0.57359793,452.546224,1426.09420353,0.0,0.0
2043.0,CSA,0.775889244,388.7957197,1225.4824062989999,0.0,0.0
2043.0,CHI,0.599111935,449.4058545,1416.22755361,0.0,0.0
2043.0,EEU,0.396386791,452.5461988,1425.916913011,0.0,0.0
2043.0,FSU,0.564488861,452.5462731,1426.085249126,0.0,0.0
2043.0,IND,0.554203094,452.5462708,1426.074956114,0.0,0.0
2043.0,JPN,0.365172142,452.5462791,1425.885951307,0.0,0.0
2043.0,MEX,0.543821913,452.5462028,1426.064360733,0.0,0.0
2043.0,MEA,0.575985785,452.5462922,1426.096806215,0.0,0.0
2043.0,ODA,0.591966262,451.8549648,1423.9351053819998,0.0,0.0
2043.0,SKO,0.435817069,452.5462528,1425.9565133889998,0.0,0.0
2043.0,UK,0.626540777,449.450759,1416.3964316269999,0.0,0.0
2043.0,USA,0.545399152,452.5462933,1426.066223047,0.0,0.0
2043.0,WEU,0.564794288,452.5462919,1426.085613773,0.0,0.0
2044.0,AFR,0.56620414,470.7512738,1483.43271661,0.0,0.0
2044.0,AUS,0.606149042,464.6655725,1464.3027024169999,0.0,0.0
2044.0,CAN,0.58610554,470.7512268,1483.45246996,0.0,0.0
2044.0,CSA,0.849365891,388.0481471,1223.2010292559999,0.0,0.0
2044.0,CHI,0.610974771,466.5640564,1470.287752431,0.0,0.0
2044.0,EEU,0.349617295,470.7512128,1483.215937615,0.0,0.0
2044.0,FSU,0.574503378,470.7512829,1483.4410445129997,0.0,0.0
2044.0,IND,0.568109467,470.7512803,1483.4346424120001,0.0,0.0
2044.0,JPN,0.371484016,470.7512901,1483.2380478310001,0.0,0.0
2044.0,MEX,0.553483458,470.7512048,1483.419778578,0.0,0.0
2044.0,MEA,0.585907664,470.7513048,1483.4525177839998,0.0,0.0
2044.0,ODA,0.60275177,469.8295384,1480.5657977299998,0.0,0.0
2044.0,SKO,0.460580219,470.751258,1483.327042919,0.0,0.0
2044.0,UK,0.637255267,466.6239347,1470.5026495719999,0.0,0.0
2044.0,USA,0.555060672,470.7513061,1483.421674887,0.0,0.0
2044.0,WEU,0.574910396,470.7513045,1483.4415195709998,0.0,0.0
2045.0,AFR,0.575885269,488.9562813,1540.788171364,0.0,0.0
2045.0,AUS,0.621112361,481.3491667,1516.870987466,0.0,0.0
2045.0,CAN,0.598613151,488.9562296,1540.8107363909999,0.0,0.0
2045.0,CSA,0.922842538,387.3005746,1220.919652528,0.0,0.0
2045.0,CHI,0.622837607,483.7222584,1524.3479515669999,0.0,0.0
2045.0,EEU,0.3028478,488.9562267,1540.514961905,0.0,0.0
2045.0,FSU,0.584517894,488.9562928,1540.7968402140002,0.0,0.0
2045.0,IND,0.582015841,488.9562897,1540.7943283959999,0.0,0.0
2045.0,JPN,0.37779589,488.9563011,1540.5901443550001,0.0,0.0
2045.0,MEX,0.563145004,488.9562068,1540.7751964240001,0.0,0.0
2045.0,MEA,0.595829544,488.9563173,1540.808229039,0.0,0.0
2045.0,ODA,0.613537279,487.804112,1537.196490079,0.0,0.0
2045.0,SKO,0.485343369,488.9562632,1540.697572449,0.0,0.0
2045.0,UK,0.647969756,483.7971104,1524.6088675160001,0.0,0.0
2045.0,USA,0.564722192,488.9563188,1540.7771264120001,0.0,0.0
2045.0,WEU,0.585026504,488.956317,1540.797425054,0.0,0.0
2046.0,AFR,0.585566398,507.1612888,1598.1436261180002,0.0,0.0
2046.0,AUS,0.63607568,498.0327609,1569.439272515,0.0,0.0
2046.0,CAN,0.611120761,507.1612324,1598.169002821,0.0,0.0
2046.0,CSA,0.996319186,386.553002,1218.6382754859999,0.0,0.0
2046.0,CHI,0.634700443,500.8804603,1578.4081503879997,0.0,0.0
2046.0,EEU,0.256078304,507.1612407,1597.813986509,0.0,0.0
2046.0,FSU,0.594532411,507.1613026,1598.152635601,0.0,0.0
2046.0,IND,0.595922214,507.1612992,1598.154014694,0.0,0.0
2046.0,JPN,0.384107764,507.1613121,1597.9422408789999,0.0,0.0
2046.0,MEX,0.572806549,507.1612087,1598.130613954,0.0,0.0
2046.0,MEA,0.605751424,507.1613299,1598.1639406089998,0.0,0.0
2046.0,ODA,0.624322788,505.7786856,1593.827182428,0.0,0.0
2046.0,SKO,0.510106519,507.1612684,1598.0681019789997,0.0,0.0
2046.0,UK,0.658684246,500.9702861,1578.715085461,0.0,0.0
2046.0,USA,0.574383712,507.1613316,1598.132578252,0.0,0.0
2046.0,WEU,0.595142611,507.1613296,1598.153330851,0.0,0.0
2047.0,AFR,0.595247527,525.3662964,1655.499081187,0.0,0.0
2047.0,AUS,0.651039,514.7163551,1622.007557565,0.0,0.0
2047.0,CAN,0.623628372,525.3662352,1655.527269252,0.0,0.0
2047.0,CSA,1.069795833,385.8054294,1216.3568984429999,0.0,0.0
2047.0,CHI,0.646563279,518.0386622,1632.4683492089998,0.0,0.0
2047.0,EEU,0.209308808,525.3662547,1655.113011113,0.0,0.0
2047.0,FSU,0.604546927,525.3663125,1655.5084313020002,0.0,0.0
2047.0,IND,0.609828588,525.3663087,1655.513700993,0.0,0.0
2047.0,JPN,0.390419639,525.3663231,1655.294337404,0.0,0.0
2047.0,MEX,0.582468094,525.3662107,1655.4860317989999,0.0,0.0
2047.0,MEA,0.615673304,525.3663425,1655.5196521789999,0.0,0.0
2047.0,ODA,0.635108297,523.7532593,1650.4578750919998,0.0,0.0
2047.0,SKO,0.534869669,525.3662736,1655.438631509,0.0,0.0
2047.0,UK,0.669398736,518.1434619,1632.821303721,0.0,0.0
2047.0,USA,0.584045232,525.3663444,1655.4880300920001,0.0,0.0
2047.0,WEU,0.605258719,525.3663422,1655.5092366489998,0.0,0.0
2048.0,AFR,0.604928655,543.5713039,1712.85453594,0.0,0.0
2048.0,AUS,0.666002319,531.3999492,1674.575842299,0.0,0.0
2048.0,CAN,0.636135982,543.5712379,1712.885535367,0.0,0.0
2048.0,CSA,1.14327248,385.0578568,1214.0755214,0.0,0.0
2048.0,CHI,0.658426115,535.1968641,1686.52854803,0.0,0.0
2048.0,EEU,0.162539313,543.5712687,1712.412035718,0.0,0.0
2048.0,FSU,0.614561444,543.5713223,1712.864226689,0.0,0.0
2048.0,IND,0.623734961,543.5713182,1712.873387291,0.0,0.0
2048.0,JPN,0.396731513,543.5713341,1712.6464339279999,0.0,0.0
2048.0,MEX,0.59212964,543.5712127,1712.841449645,0.0,0.0
2048.0,MEA,0.625595183,543.5713551,1712.8753637480002,0.0,0.0
2048.0,ODA,0.645893806,541.7278329,1707.088567441,0.0,0.0
2048.0,SKO,0.559632819,543.5712788,1712.8091610389997,0.0,0.0
2048.0,UK,0.680113226,535.3166376,1686.927521666,0.0,0.0
2048.0,USA,0.593706751,543.5713571,1712.843481616,0.0,0.0
2048.0,WEU,0.615374827,543.5713547,1712.865142132,0.0,0.0
2049.0,AFR,0.614609784,561.7763114,1770.2099906940002,0.0,0.0
2049.0,AUS,0.680965638,548.0835434,1727.1441273480002,0.0,0.0
2049.0,CAN,0.648643593,561.7762407,1770.243801798,0.0,0.0
2049.0,CSA,1.216749127,384.3102842,1211.794144357,0.0,0.0
2049.0,CHI,0.670288951,552.355066,1740.5887468509998,0.0,0.0
2049.0,EEU,0.115769817,561.7762826,1769.7110600069998,0.0,0.0
2049.0,FSU,0.62457596,561.7763322,1770.2200223899997,0.0,0.0
2049.0,IND,0.637641335,561.7763277,1770.23307359,0.0,0.0
2049.0,JPN,0.403043387,561.7763451,1769.9985304519998,0.0,0.0
2049.0,MEX,0.601791185,561.7762147,1770.1968674899997,0.0,0.0
2049.0,MEA,0.635517063,561.7763677,1770.231075318,0.0,0.0
2049.0,ODA,0.656679315,559.7024065,1763.71925979,0.0,0.0
2049.0,SKO,0.584395969,561.776284,1770.179690569,0.0,0.0
2049.0,UK,0.690827715,552.4898133,1741.03373961,0.0,0.0
2049.0,USA,0.603368271,561.7763699,1770.1989334559998,0.0,0.0
2049.0,WEU,0.625490935,561.7763673,1770.2210479299997,0.0,0.0
2050.0,AFR,0.624290913,579.9813189,1827.565445448,0.0,0.0
2050.0,AUS,0.695928957,564.7671376,1779.7124123969998,0.0,0.0
2050.0,CAN,0.661151203,579.9812435,1827.6020682279998,0.0,0.0
2050.0,CSA,1.290225774,383.5627117,1209.512767629,0.0,0.0
2050.0,CHI,0.682151787,569.5132679,1794.6489456719999,0.0,0.0
2050.0,EEU,0.069000322,579.9812966,1827.0100846119997,0.0,0.0
2050.0,FSU,0.634590477,579.981342,1827.575817777,0.0,0.0
2050.0,IND,0.651547708,579.9813372,1827.5927598879998,0.0,0.0
2050.0,JPN,0.409355261,579.9813561,1827.3506269759998,0.0,0.0
2050.0,MEX,0.611452731,579.9812167,1827.552285336,0.0,0.0
2050.0,MEA,0.645438943,579.9813802,1827.586786573,0.0,0.0
2050.0,ODA,0.667464823,577.6769801,1820.3499521380002,0.0,0.0
2050.0,SKO,0.609159119,579.9812892,1827.550220099,0.0,0.0
2050.0,UK,0.701542205,569.662989,1795.139957555,0.0,0.0
2050.0,USA,0.613029791,579.9813827,1827.554385296,0.0,0.0
2050.0,WEU,0.635607042,579.9813798,1827.576953412,0.0,0.0
2051.0,AFR,0.623651775,604.448326,1904.635878675,0.0,0.0
2051.0,AUS,0.702146426,588.2163032,1853.5835015059997,0.0,0.0
2051.0,CAN,0.754046293,579.8332408,1827.228754813,0.0,0.0
2051.0,CSA,1.319177491,399.5226702,1259.8155886209997,0.0,0.0
2051.0,CHI,0.791540311,538.7052332,1697.7130248909998,0.0,0.0
2051.0,EEU,0.069000381,604.4482883,1904.0811085259998,0.0,0.0
2051.0,FSU,0.635752099,604.4483499,1904.6480542840002,0.0,0.0
2051.0,IND,0.661707241,604.4482989,1904.673848776,0.0,0.0
2051.0,JPN,0.431544331,604.4483547,1904.4438616359998,0.0,0.0
2051.0,MEX,0.612771914,604.4482146,1904.624647904,0.0,0.0
2051.0,MEA,0.64364494,604.4483921,1904.6560800549998,0.0,0.0
2051.0,ODA,0.674449665,602.3744291,1898.1539013300003,0.0,0.0
2051.0,SKO,0.61540848,604.4482869,1904.6275122149998,0.0,0.0
2051.0,UK,0.720651771,590.9841369,1862.3206830059996,0.0,0.0
2051.0,USA,0.624322324,604.44839,1904.636750824,0.0,0.0
2051.0,WEU,0.640172473,604.4483909,1904.652603808,0.0,0.0
2052.0,AFR,0.623012637,628.915333,1981.706311587,0.0,0.0
2052.0,AUS,0.708363895,611.6654687,1927.4545903,0.0,0.0
2052.0,CAN,0.846941382,579.685238,1826.8554410820002,0.0,0.0
2052.0,CSA,1.348129207,415.4826287,1310.118409612,0.0,0.0
2052.0,CHI,0.900928835,507.8971984,1600.777103795,0.0,0.0
2052.0,EEU,0.069000441,628.91528,1981.1521324410003,0.0,0.0
2052.0,FSU,0.636913722,628.9153577,1981.7202904769997,0.0,0.0
2052.0,IND,0.671866773,628.9152606,1981.754937663,0.0,0.0
2052.0,JPN,0.4537334,628.9153533,1981.5370962949999,0.0,0.0
2052.0,MEX,0.614091097,628.9152125,1981.697010472,0.0,0.0
2052.0,MEA,0.641850937,628.9154039,1981.725373222,0.0,0.0
2052.0,ODA,0.681434506,627.0718782,1975.957850836,0.0,0.0
2052.0,SKO,0.621657841,628.9152846,1981.7048043309997,0.0,0.0
2052.0,UK,0.739761337,612.3052849,1929.5014087719996,0.0,0.0
2052.0,USA,0.635614856,628.9153973,1981.719116351,0.0,0.0
2052.0,WEU,0.644737904,628.915402,1981.728254204,0.0,0.0
2053.0,AFR,0.6223735,653.3823401,2058.776744815,0.0,0.0
2053.0,AUS,0.714581364,635.1146342,2001.3256790939997,0.0,0.0
2053.0,CAN,0.939836472,579.5372352,1826.4821273520001,0.0,0.0
2053.0,CSA,1.377080923,431.4425872,1360.421230603,0.0,0.0
2053.0,CHI,1.010317358,477.0891637,1503.8411830129999,0.0,0.0
2053.0,EEU,0.069000501,653.3822717,2058.2231563560003,0.0,0.0
2053.0,FSU,0.638075345,653.3823656,2058.7925269849998,0.0,0.0
2053.0,IND,0.682026306,653.3822223,2058.8360265509996,0.0,0.0
2053.0,JPN,0.475922469,653.3823519,2058.630330954,0.0,0.0
2053.0,MEX,0.61541028,653.3822104,2058.76937304,0.0,0.0
2053.0,MEA,0.640056935,653.3824157,2058.7946663899997,0.0,0.0
2053.0,ODA,0.688419348,651.7693272,2053.761800028,0.0,0.0
2053.0,SKO,0.627907202,653.3822823,2058.782096447,0.0,0.0
2053.0,UK,0.758870903,633.6264328,1996.6821342229998,0.0,0.0
2053.0,USA,0.646907389,653.3824046,2058.8014818789998,0.0,0.0
2053.0,WEU,0.649303335,653.382413,2058.803904285,0.0,0.0
2054.0,AFR,0.621734362,677.8493471,2135.847177727,0.0,0.0
2054.0,AUS,0.720798833,658.5637998,2075.196768203,0.0,0.0
2054.0,CAN,1.032731561,579.3892325,1826.1088139360002,0.0,0.0
2054.0,CSA,1.40603264,447.4025457,1410.724051595,0.0,0.0
2054.0,CHI,1.119705882,446.2811289,1406.905261917,0.0,0.0
2054.0,EEU,0.069000561,677.8492634,2135.294180271,0.0,0.0
2054.0,FSU,0.639236968,677.8493734,2135.864763178,0.0,0.0
2054.0,IND,0.692185838,677.849184,2135.917115438,0.0,0.0
2054.0,JPN,0.498111538,677.8493506,2135.723565928,0.0,0.0
2054.0,MEX,0.616729463,677.8492083,2135.841735608,0.0,0.0
2054.0,MEA,0.638262932,677.8494275,2135.8639595570003,0.0,0.0
2054.0,ODA,0.695404189,676.4667763,2131.5657495339997,0.0,0.0
2054.0,SKO,0.634156563,677.84928,2135.8593885630003,0.0,0.0
2054.0,UK,0.777980469,654.9475807,2063.862859674,0.0,0.0
2054.0,USA,0.658199921,677.8494119,2135.8838474059994,0.0,0.0
2054.0,WEU,0.653868766,677.8494241,2135.8795546809997,0.0,0.0
2055.0,AFR,0.621095224,702.3163542,2212.917610954,0.0,0.0
2055.0,AUS,0.727016302,682.0129653,2149.067856997,0.0,0.0
2055.0,CAN,1.125626651,579.2412297,1825.7355002059999,0.0,0.0
2055.0,CSA,1.434984356,463.3625042,1461.026872586,0.0,0.0
2055.0,CHI,1.229094405,415.4730941,1309.96934082,0.0,0.0
2055.0,EEU,0.069000621,702.316255,2212.365203871,0.0,0.0
2055.0,FSU,0.640398591,702.3163813,2212.936999686,0.0,0.0
2055.0,IND,0.702345371,702.3161457,2212.9982043259997,0.0,0.0
2055.0,JPN,0.520300607,702.3163492,2212.816800587,0.0,0.0
2055.0,MEX,0.618048646,702.3162062,2212.9140981759997,0.0,0.0
2055.0,MEA,0.636468929,702.3164393,2212.933252724,0.0,0.0
2055.0,ODA,0.702389031,701.1642253,2209.369698726,0.0,0.0
2055.0,SKO,0.640405925,702.3162777,2212.93668068,0.0,0.0
2055.0,UK,0.797090035,676.2687287,2131.0435854400002,0.0,0.0
2055.0,USA,0.669492454,702.3164192,2212.9662129340004,0.0,0.0
2055.0,WEU,0.658434197,702.3164351,2212.955204762,0.0,0.0
2056.0,AFR,0.620456086,726.7833612,2289.9880438659998,0.0,0.0
2056.0,AUS,0.733233771,705.4621308,2222.9389457909997,0.0,0.0
2056.0,CAN,1.21852174,579.0932269,1825.3621864749998,0.0,0.0
2056.0,CSA,1.463936072,479.3224627,1511.329693577,0.0,0.0
2056.0,CHI,1.338482929,384.6650594,1213.033420039,0.0,0.0
2056.0,EEU,0.069000681,726.7832467,2289.436227786,0.0,0.0
2056.0,FSU,0.641560213,726.7833891,2290.0092358780003,0.0,0.0
2056.0,IND,0.712504903,726.7831074,2290.079293213,0.0,0.0
2056.0,JPN,0.542489676,726.7833478,2289.910035246,0.0,0.0
2056.0,MEX,0.619367829,726.7832041,2289.986460744,0.0,0.0
2056.0,MEA,0.634674926,726.7834511,2290.002545891,0.0,0.0
2056.0,ODA,0.709373872,725.8616743,2287.173647917,0.0,0.0
2056.0,SKO,0.646655286,726.7832755,2290.013973111,0.0,0.0
2056.0,UK,0.816199601,697.5898766,2198.2243108909997,0.0,0.0
2056.0,USA,0.680784987,726.7834265,2290.048578462,0.0,0.0
2056.0,WEU,0.662999628,726.7834462,2290.0308551579997,0.0,0.0
2057.0,AFR,0.619816948,751.2503683,2367.058477093,0.0,0.0
2057.0,AUS,0.73945124,728.9112964,2296.8100349,0.0,0.0
2057.0,CAN,1.311416829,578.9452241,1824.9888727440002,0.0,0.0
2057.0,CSA,1.492887788,495.2824212,1561.6325145679998,0.0,0.0
2057.0,CHI,1.447871452,353.8570246,1116.097498942,0.0,0.0
2057.0,EEU,0.06900074,751.2502384,2366.5072516999994,0.0,0.0
2057.0,FSU,0.642721836,751.250397,2367.081472386,0.0,0.0
2057.0,IND,0.722664435,751.2500691,2367.1603821,0.0,0.0
2057.0,JPN,0.564678745,751.2503464,2367.003269905,0.0,0.0
2057.0,MEX,0.620687012,751.250202,2367.0588233119997,0.0,0.0
2057.0,MEA,0.632880924,751.2504629,2367.071839059,0.0,0.0
2057.0,ODA,0.716358714,750.5591234,2364.9775974239997,0.0,0.0
2057.0,SKO,0.652904647,751.2502732,2367.091265227,0.0,0.0
2057.0,UK,0.835309167,718.9110245,2265.405036342,0.0,0.0
2057.0,USA,0.692077519,751.2504337,2367.1309436740003,0.0,0.0
2057.0,WEU,0.667565059,751.2504572,2367.106505239,0.0,0.0
2058.0,AFR,0.619177811,775.7173753,2444.128910006,0.0,0.0
2058.0,AUS,0.745668709,752.3604619,2370.681123694,0.0,0.0
2058.0,CAN,1.404311919,578.7972214,1824.615559329,0.0,0.0
2058.0,CSA,1.521839505,511.2423798,1611.9353358749997,0.0,0.0
2058.0,CHI,1.557259976,323.0489898,1019.161577846,0.0,0.0
2058.0,EEU,0.0690008,775.7172301,2443.578275615,0.0,0.0
2058.0,FSU,0.643883459,775.7174048,2444.153708579,0.0,0.0
2058.0,IND,0.732823968,775.7170308,2444.241470988,0.0,0.0
2058.0,JPN,0.586867815,775.717345,2444.096504565,0.0,0.0
2058.0,MEX,0.622006196,775.7171999,2444.1311858809995,0.0,0.0
2058.0,MEA,0.631086921,775.7174747,2444.141132226,0.0,0.0
2058.0,ODA,0.723343555,775.2565724,2442.781546615,0.0,0.0
2058.0,SKO,0.659154008,775.7172709,2444.168557343,0.0,0.0
2058.0,UK,0.854418733,740.2321724,2332.5857617929996,0.0,0.0
2058.0,USA,0.703370052,775.717441,2444.213309202,0.0,0.0
2058.0,WEU,0.67213049,775.7174683,2444.182155635,0.0,0.0
2059.0,AFR,0.618538673,800.1843824,2521.199343233,0.0,0.0
2059.0,AUS,0.751886178,775.8096275,2444.552212803,0.0,0.0
2059.0,CAN,1.497207008,578.6492186,1824.2422455980002,0.0,0.0
2059.0,CSA,1.550791221,527.2023383,1662.2381568659998,0.0,0.0
2059.0,CHI,1.6666485,292.2409551,922.225657065,0.0,0.0
2059.0,EEU,0.06900086,800.1842218,2520.64929953,0.0,0.0
2059.0,FSU,0.645045082,800.1844127,2521.2259450869997,0.0,0.0
2059.0,IND,0.7429835,800.1839925,2521.322559875,0.0,0.0
2059.0,JPN,0.609056884,800.1843436,2521.189739224,0.0,0.0
2059.0,MEX,0.623325379,800.1841979,2521.203548764,0.0,0.0
2059.0,MEA,0.629292918,800.1844865,2521.210425393,0.0,0.0
2059.0,ODA,0.730328397,799.9540214,2520.585495807,0.0,0.0
2059.0,SKO,0.665403369,800.1842686,2521.245849459,0.0,0.0
2059.0,UK,0.873528299,761.5533204,2399.766487559,0.0,0.0
2059.0,USA,0.714662584,800.1844483,2521.295674729,0.0,0.0
2059.0,WEU,0.676695921,800.1844794,2521.2578060309997,0.0,0.0
2060.0,AFR,0.617899535,824.6513894,2598.269776145,0.0,0.0
2060.0,AUS,0.758103647,799.258793,2518.423301597,0.0,0.0
2060.0,CAN,1.590102098,578.5012158,1823.868931868,0.0,0.0
2060.0,CSA,1.579742937,543.1622968,1712.5409778570001,0.0,0.0
2060.0,CHI,1.776037023,261.4329203,825.2897359679998,0.0,0.0
2060.0,EEU,0.06900092,824.6512135,2597.720323445,0.0,0.0
2060.0,FSU,0.646206705,824.6514206,2598.298181595,0.0,0.0
2060.0,IND,0.753143033,824.6509542,2598.403648763,0.0,0.0
2060.0,JPN,0.631245953,824.6513423,2598.282974198,0.0,0.0
2060.0,MEX,0.624644562,824.6511958,2598.275911332,0.0,0.0
2060.0,MEA,0.627498916,824.6514983,2598.2797185609998,0.0,0.0
2060.0,ODA,0.737313238,824.6514705,2598.3894453129997,0.0,0.0
2060.0,SKO,0.67165273,824.6512663,2598.3231415749997,0.0,0.0
2060.0,UK,0.892637865,782.8744683,2466.94721301,0.0,0.0
2060.0,USA,0.725955117,824.6514556,2598.3780402569996,0.0,0.0
2060.0,WEU,0.681261351,824.6514904,2598.333456111,0.0,0.0
2061.0,AFR,0.620859109,850.7848193,2680.593039904,0.0,0.0
2061.0,AUS,0.793741685,765.2714343,2411.39875973,0.0,0.0
2061.0,CAN,1.512339777,577.5401009,1820.7636576119999,0.0,0.0
2061.0,CSA,1.571163909,572.4725829,1804.859800044,0.0,0.0
2061.0,CHI,1.679121119,235.2896312,742.841459399,0.0,0.0
2061.0,EEU,0.069000951,850.7846298,2680.040584821,0.0,0.0
2061.0,FSU,0.648696846,850.7848428,2680.6209516659997,0.0,0.0
2061.0,IND,0.684728755,850.7844296,2680.6556819949997,0.0,0.0
2061.0,JPN,0.646864665,843.8197985,2658.67922994,0.0,0.0
2061.0,MEX,0.626850323,850.7846301,2680.598435138,0.0,0.0
2061.0,MEA,0.630714396,850.7849259,2680.603230981,0.0,0.0
2061.0,ODA,0.745324278,847.0108393,2668.8294680730005,0.0,0.0
2061.0,SKO,0.671280363,850.7846939,2680.643066148,0.0,0.0
2061.0,UK,0.947222185,729.8616246,2300.0113396750003,0.0,0.0
2061.0,USA,0.780923514,837.0774961,2637.5750362289996,0.0,0.0
2061.0,WEU,0.714719067,824.968096,2599.3642214669994,0.0,0.0
2062.0,AFR,0.623818683,876.9182492,2762.916303663,0.0,0.0
2062.0,AUS,0.829379724,731.2840757,2304.374218179,0.0,0.0
2062.0,CAN,1.434577457,576.578986,1817.6583833569998,0.0,0.0
2062.0,CSA,1.56258488,601.7828691,1897.1786225449998,0.0,0.0
2062.0,CHI,1.582205214,209.1463421,660.393182829,0.0,0.0
2062.0,EEU,0.069000982,876.918046,2762.360845882,0.0,0.0
2062.0,FSU,0.651186988,876.918265,2762.943721738,0.0,0.0
2062.0,IND,0.616314477,876.917905,2762.9077152269997,0.0,0.0
2062.0,JPN,0.662483378,862.9882547,2719.075485683,0.0,0.0
2062.0,MEX,0.629056085,876.9180645,2762.9209592599996,0.0,0.0
2062.0,MEA,0.633929876,876.9183536,2762.926743716,0.0,0.0
2062.0,ODA,0.753335318,869.3702081,2739.269490833,0.0,0.0
2062.0,SKO,0.670907995,876.9181216,2762.962991035,0.0,0.0
2062.0,UK,1.001806506,676.848781,2133.075466656,0.0,0.0
2062.0,USA,0.835891911,849.5035366,2676.772032201,0.0,0.0
2062.0,WEU,0.748176783,825.2847017,2600.394987138,0.0,0.0
2063.0,AFR,0.626778256,903.0516791,2845.2395674209997,0.0,0.0
2063.0,AUS,0.865017762,697.2967171,2197.349676627,0.0,0.0
2063.0,CAN,1.356815136,575.617871,1814.5531087860002,0.0,0.0
2063.0,CSA,1.554005852,631.0931553,1989.4974450470002,0.0,0.0
2063.0,CHI,1.48528931,183.003053,577.9449062599999,0.0,0.0
2063.0,EEU,0.069001014,903.0514623,2844.6811072590003,0.0,0.0
2063.0,FSU,0.65367713,903.0516873,2845.266492125,0.0,0.0
2063.0,IND,0.547900199,903.0513803,2845.1597481440003,0.0,0.0
2063.0,JPN,0.67810209,882.1567109,2779.471741425,0.0,0.0
2063.0,MEX,0.631261846,903.0514988,2845.243483066,0.0,0.0
2063.0,MEA,0.637145356,903.0517812,2845.250256136,0.0,0.0
2063.0,ODA,0.761346357,891.729577,2809.7095139069997,0.0,0.0
2063.0,SKO,0.670535628,903.0515492,2845.2829156079997,0.0,0.0
2063.0,UK,1.056390826,623.8359374,1966.1395936360002,0.0,0.0
2063.0,USA,0.890860308,861.9295771,2715.9690281729995,0.0,0.0
2063.0,WEU,0.781634499,825.6013073,2601.4257524940003,0.0,0.0
2064.0,AFR,0.62973783,929.185109,2927.56283118,0.0,0.0
2064.0,AUS,0.900655801,663.3093584,2090.325134761,0.0,0.0
2064.0,CAN,1.279052815,574.6567561,1811.44783453,0.0,0.0
2064.0,CSA,1.545426823,660.4034414,2081.816267233,0.0,0.0
2064.0,CHI,1.388373405,156.859764,495.496630005,0.0,0.0
2064.0,EEU,0.069001045,929.1848786,2927.001368635,0.0,0.0
2064.0,FSU,0.656167271,929.1851095,2927.5892621959997,0.0,0.0
2064.0,IND,0.479485921,929.1848557,2927.411781376,0.0,0.0
2064.0,JPN,0.693720803,901.3251671,2839.867997168,0.0,0.0
2064.0,MEX,0.633467608,929.1849332,2927.566007188,0.0,0.0
2064.0,MEA,0.640360836,929.1852089,2927.573768871,0.0,0.0
2064.0,ODA,0.769357397,914.0889458,2880.149536667,0.0,0.0
2064.0,SKO,0.670163261,929.1849769,2927.602840496,0.0,0.0
2064.0,UK,1.110975146,570.8230938,1799.2037206160003,0.0,0.0
2064.0,USA,0.945828705,874.3556176,2755.166024145,0.0,0.0
2064.0,WEU,0.815092215,825.917913,2602.4565181649996,0.0,0.0
2065.0,AFR,0.632697404,955.3185389,3009.886094939,0.0,0.0
2065.0,AUS,0.93629384,629.3219998,1983.3005932099998,0.0,0.0
2065.0,CAN,1.201290495,573.6956412,1808.3425602749999,0.0,0.0
2065.0,CSA,1.536847795,689.7137276,2174.135089735,0.0,0.0
2065.0,CHI,1.291457501,130.7164749,413.048353436,0.0,0.0
2065.0,EEU,0.069001076,955.3182949,3009.321630011,0.0,0.0
2065.0,FSU,0.658657413,955.3185317,3009.912032268,0.0,0.0
2065.0,IND,0.411071643,955.3183311,3009.663814608,0.0,0.0
2065.0,JPN,0.709339515,920.4936233,2900.26425291,0.0,0.0
2065.0,MEX,0.635673369,955.3183675,3009.888530994,0.0,0.0
2065.0,MEA,0.643576316,955.3186366,3009.8972816059995,0.0,0.0
2065.0,ODA,0.777368437,936.4483146,2950.589559427,0.0,0.0
2065.0,SKO,0.669790894,955.3184046,3009.922765384,0.0,0.0
2065.0,UK,1.165559467,517.8102501,1632.2678472819998,0.0,0.0
2065.0,USA,1.000797102,886.7816581,2794.363020117,0.0,0.0
2065.0,WEU,0.848549931,826.2345186,2603.487283521,0.0,0.0
2066.0,AFR,0.635656978,981.4519687,3092.2093583829997,0.0,0.0
2066.0,AUS,0.971931878,595.3346411,1876.276051343,0.0,0.0
2066.0,CAN,1.123528174,572.7345262,1805.237285704,0.0,0.0
2066.0,CSA,1.528268766,719.0240138,2266.453912236,0.0,0.0
2066.0,CHI,1.194541596,104.5731858,330.60007686600005,0.0,0.0
2066.0,EEU,0.069001107,981.4517111,3091.641891072,0.0,0.0
2066.0,FSU,0.661147554,981.451954,3092.234802654,0.0,0.0
2066.0,IND,0.342657365,981.4518065,3091.91584784,0.0,0.0
2066.0,JPN,0.724958228,939.6620795,2960.660508653,0.0,0.0
2066.0,MEX,0.637879131,981.4518019,3092.2110551159994,0.0,0.0
2066.0,MEA,0.646791796,981.4520642,3092.2207940259996,0.0,0.0
2066.0,ODA,0.785379477,958.8076835,3021.029582502,0.0,0.0
2066.0,SKO,0.669418527,981.4518322,3092.2426899569996,0.0,0.0
2066.0,UK,1.220143787,464.7974065,1465.3319742620001,0.0,0.0
2066.0,USA,1.055765499,899.2076986,2833.5600160889994,0.0,0.0
2066.0,WEU,0.882007647,826.5511242,2604.518048877,0.0,0.0
2067.0,AFR,0.638616552,1007.585399,3174.532623402,0.0,0.0
2067.0,AUS,1.007569917,561.3472825,1769.251509792,0.0,0.0
2067.0,CAN,1.045765854,571.7734113,1802.132011449,0.0,0.0
2067.0,CSA,1.519689738,748.3342999,2358.772734423,0.0,0.0
2067.0,CHI,1.097625692,78.4298967,248.151800297,0.0,0.0
2067.0,EEU,0.069001139,1007.585127,3173.9621511890005,0.0,0.0
2067.0,FSU,0.663637696,1007.585376,3174.557572096,0.0,0.0
2067.0,IND,0.274243087,1007.585282,3174.167881387,0.0,0.0
2067.0,JPN,0.74057694,958.8305357,3021.0567643950003,0.0,0.0
2067.0,MEX,0.640084892,1007.585236,3174.5335782919997,0.0,0.0
2067.0,MEA,0.650007277,1007.585492,3174.544307077,0.0,0.0
2067.0,ODA,0.793390516,981.1670523,3091.4696052609997,0.0,0.0
2067.0,SKO,0.66904616,1007.58526,3174.56261516,0.0,0.0
2067.0,UK,1.274728107,411.7845629,1298.3961012420002,0.0,0.0
2067.0,USA,1.110733897,911.6337391,2872.757012062,0.0,0.0
2067.0,WEU,0.915465362,826.8677299,2605.548814547,0.0,0.0
2068.0,AFR,0.641576125,1033.718829,3256.8558874749997,0.0,0.0
2068.0,AUS,1.043207956,527.3599239,1662.2269682410001,0.0,0.0
2068.0,CAN,0.968003533,570.8122964,1799.0267371930001,0.0,0.0
2068.0,CSA,1.511110709,777.6445861,2451.091556924,0.0,0.0
2068.0,CHI,1.000709787,52.28660762,165.70352379,0.0,0.0
2068.0,EEU,0.06900117,1033.718544,3256.28241477,0.0,0.0
2068.0,FSU,0.666127838,1033.718798,3256.8803415380003,0.0,0.0
2068.0,IND,0.205828809,1033.718757,3256.4199133590005,0.0,0.0
2068.0,JPN,0.756195653,977.9989919,3081.453020138,0.0,0.0
2068.0,MEX,0.642290654,1033.718671,3256.8561043040004,0.0,0.0
2068.0,MEA,0.653222757,1033.71892,3256.867820757,0.0,0.0
2068.0,ODA,0.801401556,1003.526421,3161.9096277060003,0.0,0.0
2068.0,SKO,0.668673793,1033.718688,3256.8825409929996,0.0,0.0
2068.0,UK,1.329312428,358.7717192,1131.460227908,0.0,0.0
2068.0,USA,1.165702294,924.0597796,2911.954008034,0.0,0.0
2068.0,WEU,0.948923078,827.1843355,2606.5795799029997,0.0,0.0
2069.0,AFR,0.644535699,1059.852258,3339.179148398999,0.0,0.0
2069.0,AUS,1.078845994,493.3725652,1555.202426374,0.0,0.0
2069.0,CAN,0.890241213,569.8511814,1795.921462623,0.0,0.0
2069.0,CSA,1.502531681,806.9548723,2543.4103794260004,0.0,0.0
2069.0,CHI,0.903793883,26.14331854,83.255247284,0.0,0.0
2069.0,EEU,0.069001201,1059.85196,3338.602675201,0.0,0.0
2069.0,FSU,0.668617979,1059.852221,3339.203114129,0.0,0.0
2069.0,IND,0.137414531,1059.852233,3338.671948481,0.0,0.0
2069.0,JPN,0.771814365,997.1674481,3141.84927588,0.0,0.0
2069.0,MEX,0.644496415,1059.852105,3339.178627165,0.0,0.0
2069.0,MEA,0.656438237,1059.852347,3339.191331287,0.0,0.0
2069.0,ODA,0.809412596,1025.88579,3232.3496510960003,0.0,0.0
2069.0,SKO,0.668301426,1059.852115,3339.2024636759998,0.0,0.0
2069.0,UK,1.383896748,305.7588756,964.524354888,0.0,0.0
2069.0,USA,1.220670691,936.4858201,2951.1510040059998,0.0,0.0
2069.0,WEU,0.982380794,827.5009412,2607.6103455740003,0.0,0.0
2070.0,AFR,0.647495273,1085.985688,3421.502412473,0.0,0.0
2070.0,AUS,1.114484033,459.3852066,1448.177884823,0.0,0.0
2070.0,CAN,0.812478892,568.8900665,1792.8161883669998,0.0,0.0
2070.0,CSA,1.493952652,836.2651585,2635.729201927,0.0,0.0
2070.0,CHI,0.806877978,2.95e-05,0.8069709030000001,29.16526336815915,27.96412508894875
2070.0,EEU,0.069001232,1085.985376,3420.922935632,0.0,0.0
2070.0,FSU,0.671108121,1085.985643,3421.525883571,0.0,0.0
2070.0,IND,0.069000253,1085.985708,3420.923980453,0.0,0.0
2070.0,JPN,0.787433078,1016.335904,3202.2455306780003,0.0,0.0
2070.0,MEX,0.646702177,1085.985539,3421.5011500269998,0.0,0.0
2070.0,MEA,0.659653717,1085.985775,3421.514844967,0.0,0.0
2070.0,ODA,0.817423636,1048.245159,3302.789674486,0.0,0.0
2070.0,SKO,0.667929059,1085.985543,3421.522389509,0.0,0.0
2070.0,UK,1.438481068,252.746032,797.588481868,0.0,0.0
2070.0,USA,1.275639088,948.9118606,2990.3479999779997,0.0,0.0
2070.0,WEU,1.01583851,827.8175468,2608.6411109299997,0.0,0.0
2071.0,AFR,0.654139231,1109.437266,3495.3815271309995,0.0,0.0
2071.0,AUS,1.07173199,413.446699,1303.42883384,0.0,0.0
2071.0,CAN,0.815557029,551.5425263,1738.174514874,0.0,0.0
2071.0,CSA,1.416877269,884.6779282,2788.152351099,0.0,0.0
2071.0,CHI,0.794886512,2.81e-05,0.794975027,29.218134927124314,28.0969690679114
2071.0,EEU,0.069001246,1109.436947,3494.7953842959996,0.0,0.0
2071.0,FSU,0.676167474,1109.437212,3495.403385274,0.0,0.0
2071.0,IND,0.069000248,1109.437287,3494.796454298,0.0,0.0
2071.0,JPN,0.793419476,1023.385374,3224.457347576,0.0,0.0
2071.0,MEX,0.65332828,1109.437107,3495.38021533,0.0,0.0
2071.0,MEA,0.666169638,1109.437351,3495.3938252880002,0.0,0.0
2071.0,ODA,0.809231769,1075.470796,3388.542239169,0.0,0.0
2071.0,SKO,0.674457563,1109.437081,3495.401262713,0.0,0.0
2071.0,UK,1.378839288,253.4692767,799.807060893,0.0,0.0
2071.0,USA,1.233199288,979.2692371,3085.931296153,0.0,0.0
2071.0,WEU,0.999091303,841.8888933,2652.949105198,0.0,0.0
2072.0,AFR,0.660783189,1132.888844,3569.260641789,0.0,0.0
2072.0,AUS,1.028979948,367.5081915,1158.6797831729998,0.0,0.0
2072.0,CAN,0.818635167,534.1949862,1683.5328416969999,0.0,0.0
2072.0,CSA,1.339801885,933.090698,2940.5755005849996,0.0,0.0
2072.0,CHI,0.782895045,2.67e-05,0.78297915,29.29057544650128,28.238676698078777
2072.0,EEU,0.06900126,1132.888518,3568.6678329599995,0.0,0.0
2072.0,FSU,0.681226827,1132.888782,3569.280890127,0.0,0.0
2072.0,IND,0.069000243,1132.888865,3568.6689249929996,0.0,0.0
2072.0,JPN,0.799405874,1030.434844,3246.6691644740004,0.0,0.0
2072.0,MEX,0.659954383,1132.888674,3569.259277483,0.0,0.0
2072.0,MEA,0.67268556,1132.888928,3569.2728087600003,0.0,0.0
2072.0,ODA,0.801039902,1102.696433,3474.294803852,0.0,0.0
2072.0,SKO,0.680986067,1132.88862,3569.2801390669997,0.0,0.0
2072.0,UK,1.319197507,254.1925213,802.0256396020001,0.0,0.0
2072.0,USA,1.190759488,1009.626613,3181.5145904379997,0.0,0.0
2072.0,WEU,0.982344097,855.9602398,2697.2570994669995,0.0,0.0
2073.0,AFR,0.667427147,1156.340422,3643.139756447,0.0,0.0
2073.0,AUS,0.986227905,321.569684,1013.9307325049999,0.0,0.0
2073.0,CAN,0.821713304,516.847446,1628.891168204,0.0,0.0
2073.0,CSA,1.262726502,981.5034678,3092.9986500719997,0.0,0.0
2073.0,CHI,0.770903578,2.53e-05,0.770983273,29.356310336951285,28.371663228352165
2073.0,EEU,0.069001274,1156.340088,3642.540278474,0.0,0.0
2073.0,FSU,0.68628618,1156.340351,3643.1583918300003,0.0,0.0
2073.0,IND,0.069000238,1156.340444,3642.541398838,0.0,0.0
2073.0,JPN,0.805392272,1037.484314,3268.880981372,0.0,0.0
2073.0,MEX,0.666580485,1156.340241,3643.138339635,0.0,0.0
2073.0,MEA,0.679201481,1156.340505,3643.1517922309995,0.0,0.0
2073.0,ODA,0.792848035,1129.92207,3560.0473685350003,0.0,0.0
2073.0,SKO,0.687514571,1156.340158,3643.159012271,0.0,0.0
2073.0,UK,1.259555726,254.915766,804.244218626,0.0,0.0
2073.0,USA,1.148319688,1039.98399,3277.0978881879996,0.0,0.0
2073.0,WEU,0.96559689,870.0315863,2741.565093735,0.0,0.0
2074.0,AFR,0.674071105,1179.792,3717.018871105,0.0,0.0
2074.0,AUS,0.943475863,275.6311765,869.1816818379999,0.0,0.0
2074.0,CAN,0.824791441,499.4999059,1574.2494950259997,0.0,0.0
2074.0,CSA,1.185651118,1029.916238,3245.421800818,0.0,0.0
2074.0,CHI,0.758912112,2.39e-05,0.758987397,29.4349718012809,28.503057968890587
2074.0,EEU,0.069001287,1179.791659,3716.412727137,0.0,0.0
2074.0,FSU,0.691345533,1179.791921,3717.035896683,0.0,0.0
2074.0,IND,0.069000233,1179.792022,3716.4138695330003,0.0,0.0
2074.0,JPN,0.81137867,1044.533784,3291.09279827,0.0,0.0
2074.0,MEX,0.673206588,1179.791808,3717.017401788,0.0,0.0
2074.0,MEA,0.685717402,1179.792081,3717.030772552,0.0,0.0
2074.0,ODA,0.784656168,1157.147707,3645.799933218,0.0,0.0
2074.0,SKO,0.694043075,1179.791697,3717.0378886250005,0.0,0.0
2074.0,UK,1.199913946,255.6390107,806.462797651,0.0,0.0
2074.0,USA,1.105879888,1070.341366,3372.681182788,0.0,0.0
2074.0,WEU,0.948849684,884.1029328,2785.873088004,0.0,0.0
2075.0,AFR,0.680715063,1203.243579,3790.897988913,0.0,0.0
2075.0,AUS,0.90072382,229.6926689,724.4326308550001,0.0,0.0
2075.0,CAN,0.827869578,482.1523657,1519.607821533,0.0,0.0
2075.0,CSA,1.108575734,1078.329007,3397.8449477840004,0.0,0.0
2075.0,CHI,0.746920645,2.25e-05,0.74699152,29.495983141759694,28.549561981563784
2075.0,EEU,0.069001301,1203.243229,3790.2851726509994,0.0,0.0
2075.0,FSU,0.696404886,1203.24349,3790.913398386,0.0,0.0
2075.0,IND,0.069000227,1203.243601,3790.2863433769994,0.0,0.0
2075.0,JPN,0.817365068,1051.583254,3313.3046151679996,0.0,0.0
2075.0,MEX,0.679832691,1203.243376,3790.8964670909995,0.0,0.0
2075.0,MEA,0.692233324,1203.243658,3790.909756024,0.0,0.0
2075.0,ODA,0.776464301,1184.373344,3731.552497901,0.0,0.0
2075.0,SKO,0.700571579,1203.243236,3790.916764979,0.0,0.0
2075.0,UK,1.140272165,256.3622553,808.6813763600001,0.0,0.0
2075.0,USA,1.063440089,1100.698743,3468.2644805389996,0.0,0.0
2075.0,WEU,0.932102477,898.1742793,2830.181082272,0.0,0.0
2076.0,AFR,0.687359021,1226.695157,3864.777103571,0.0,0.0
2076.0,AUS,0.857971778,183.7541614,579.683580188,0.0,0.0
2076.0,CAN,0.830947716,464.8048256,1464.966148356,0.0,0.0
2076.0,CSA,1.031500351,1126.741777,3550.2680979009997,0.0,0.0
2076.0,CHI,0.734929179,2.11e-05,0.734995644,29.56663449543899,28.560271373890203
2076.0,EEU,0.069001315,1226.6948,3864.157621315,0.0,0.0
2076.0,FSU,0.701464239,1226.69506,3864.790903239,0.0,0.0
2076.0,IND,0.069000222,1226.695179,3864.158814072,0.0,0.0
2076.0,JPN,0.823351466,1058.632724,3335.516432066,0.0,0.0
2076.0,MEX,0.686458794,1226.694943,3864.7755292439997,0.0,0.0
2076.0,MEA,0.698749245,1226.695234,3864.788736345,0.0,0.0
2076.0,ODA,0.768272434,1211.598981,3817.3050625840006,0.0,0.0
2076.0,SKO,0.707100083,1226.694774,3864.7956381830004,0.0,0.0
2076.0,UK,1.080630385,257.0855,810.899955385,0.0,0.0
2076.0,USA,1.021000289,1131.056119,3563.847775139,0.0,0.0
2076.0,WEU,0.91535527,912.2456258,2874.4890765399996,0.0,0.0
2077.0,AFR,0.694002979,1250.146735,3938.656218229,0.0,0.0
2077.0,AUS,0.815219735,137.8156539,434.93452952,0.0,0.0
2077.0,CAN,0.834025853,447.4572854,1410.324474863,0.0,0.0
2077.0,CSA,0.954424967,1175.154547,3702.691248017,0.0,0.0
2077.0,CHI,0.722937712,1.97e-05,0.722999767,29.563204614133543,28.437847211121444
2077.0,EEU,0.069001328,1250.146371,3938.030069978,0.0,0.0
2077.0,FSU,0.706523592,1250.146629,3938.668404942,0.0,0.0
2077.0,IND,0.069000217,1250.146758,3938.031287917,0.0,0.0
2077.0,JPN,0.829337864,1065.682194,3357.7282489639997,0.0,0.0
2077.0,MEX,0.693084897,1250.14651,3938.654591397,0.0,0.0
2077.0,MEA,0.705265166,1250.146811,3938.667719816,0.0,0.0
2077.0,ODA,0.760080567,1238.824619,3903.057630417,0.0,0.0
2077.0,SKO,0.713628587,1250.146313,3938.674514537,0.0,0.0
2077.0,UK,1.020988604,257.8087447,813.1185344089998,0.0,0.0
2077.0,USA,0.978560489,1161.413496,3659.4310728889996,0.0,0.0
2077.0,WEU,0.898608064,926.3169723,2918.797070809,0.0,0.0
2078.0,AFR,0.700646937,1273.598313,4012.5353328869996,0.0,0.0
2078.0,AUS,0.772467692,91.87714634,290.185478663,0.0,0.0
2078.0,CAN,0.83710399,430.1097453,1355.682801685,0.0,0.0
2078.0,CSA,0.877349584,1223.567317,3855.114398134,0.0,0.0
2078.0,CHI,0.710946245,1.83e-05,0.7110038900000001,29.574324643649916,28.303983785969
2078.0,EEU,0.069001342,1273.597941,4011.9025154919996,0.0,0.0
2078.0,FSU,0.711582944,1273.598199,4012.5459097939997,0.0,0.0
2078.0,IND,0.069000212,1273.598336,4011.903758612,0.0,0.0
2078.0,JPN,0.835324262,1072.731664,3379.9400658619998,0.0,0.0
2078.0,MEX,0.699711,1273.598077,4012.5336535500005,0.0,0.0
2078.0,MEA,0.711781088,1273.598387,4012.546700138,0.0,0.0
2078.0,ODA,0.7518887,1266.050256,3988.8101951,0.0,0.0
2078.0,SKO,0.720157092,1273.597851,4012.553387742,0.0,0.0
2078.0,UK,0.961346823,258.5319894,815.3371134329999,0.0,0.0
2078.0,USA,0.936120689,1191.770872,3755.014367489,0.0,0.0
2078.0,WEU,0.881860857,940.3883187,2963.105064762,0.0,0.0
2079.0,AFR,0.707290895,1297.049891,4086.4144475449993,0.0,0.0
2079.0,AUS,0.72971565,45.93863881,145.4364279015,0.0,0.0
2079.0,CAN,0.840182127,412.7622051,1301.0411281919999,0.0,0.0
2079.0,CSA,0.8002742,1271.980087,4007.5375482499994,0.0,0.0
2079.0,CHI,0.698954779,1.69e-05,0.699008014,29.57452958162953,28.15518228631201
2079.0,EEU,0.069001356,1297.049512,4085.7749641560004,0.0,0.0
2079.0,FSU,0.716642297,1297.049768,4086.423411497,0.0,0.0
2079.0,IND,0.069000207,1297.049915,4085.776232457,0.0,0.0
2079.0,JPN,0.84131066,1079.781134,3402.1518827600003,0.0,0.0
2079.0,MEX,0.706337103,1297.049645,4086.412718853,0.0,0.0
2079.0,MEA,0.718297009,1297.049964,4086.425683609,0.0,0.0
2079.0,ODA,0.743696833,1293.275893,4074.562759783,0.0,0.0
2079.0,SKO,0.726685596,1297.04939,4086.432264096,0.0,0.0
2079.0,UK,0.901705043,259.255234,817.5556921429999,0.0,0.0
2079.0,USA,0.893680889,1222.128249,3850.597665239,0.0,0.0
2079.0,WEU,0.865113651,954.4596652,3007.4130590309996,0.0,0.0
2080.0,AFR,0.713934853,1320.501469,4160.293562203,0.0,0.0
2080.0,AUS,0.686963607,0.000131279,0.68737713585,2.1122766626305323,8.291363414346769
2080.0,CAN,0.843260265,395.414665,1246.399455015,0.0,0.0
2080.0,CSA,0.723198817,1320.392856,4159.960695217,0.0,0.0
2080.0,CHI,0.686963312,1.55e-05,0.6870121370000001,29.58615816486459,28.008676594018223
2080.0,EEU,0.06900137,1320.501083,4159.64741282,0.0,0.0
2080.0,FSU,0.72170165,1320.501338,4160.30091635,0.0,0.0
2080.0,IND,0.069000202,1320.501493,4159.648703152,0.0,0.0
2080.0,JPN,0.847297058,1086.830604,3424.363699658,0.0,0.0
2080.0,MEX,0.712963205,1320.501212,4160.291781004999,0.0,0.0
2080.0,MEA,0.724812931,1320.501541,4160.304667081,0.0,0.0
2080.0,ODA,0.735504966,1320.50153,4160.315324466,0.0,0.0
2080.0,SKO,0.7332141,1320.500928,4160.311137299999,0.0,0.0
2080.0,UK,0.842063262,259.9784787,819.7742711669999,0.0,0.0
2080.0,USA,0.851241089,1252.485625,3946.1809598389996,0.0,0.0
2080.0,WEU,0.848366444,968.5310117,3051.721053299,0.0,0.0
2081.0,AFR,0.682961833,1306.786747,4117.0612148830005,0.0,0.0
2081.0,AUS,0.679403232,0.000129825,0.6798121807499999,2.118332601072472,8.285456471779444
2081.0,CAN,0.842304427,443.9272389,1399.213106962,0.0,0.0
2081.0,CSA,0.69199765,1306.679177,4116.7314052,0.0,0.0
2081.0,CHI,0.67940294,1.58e-05,0.67945271,29.570554043219722,27.89466912544509
2081.0,EEU,0.069001354,1306.786359,4116.4460322039995,0.0,0.0
2081.0,FSU,0.690676923,1306.786618,4117.068523623,0.0,0.0
2081.0,IND,0.069000197,1306.786768,4116.447319397,0.0,0.0
2081.0,JPN,0.822860827,1072.280231,3378.505588477,0.0,0.0
2081.0,MEX,0.681960569,1306.7865,4117.059435568999,0.0,0.0
2081.0,MEA,0.693996979,1306.786815,4117.072464229,0.0,0.0
2081.0,ODA,0.704234309,1306.786805,4117.082670059,0.0,0.0
2081.0,SKO,0.702187416,1306.786239,4117.078840266,0.0,0.0
2081.0,UK,0.84065685,265.0559487,835.7668952549999,0.0,0.0
2081.0,USA,0.814523224,1245.572491,3924.3678698739996,0.0,0.0
2081.0,WEU,0.846951231,962.6654053,3033.2429779259996,0.0,0.0
2082.0,AFR,0.651988813,1293.072024,4073.8288644130002,0.0,0.0
2082.0,AUS,0.671842858,0.000128371,0.67224722665,2.124642088845003,8.279557317517478
2082.0,CAN,0.841348589,492.4398127,1552.026758594,0.0,0.0
2082.0,CSA,0.660796484,1292.965497,4073.5021120339998,0.0,0.0
2082.0,CHI,0.671842568,1.62e-05,0.6718935979999999,29.553048083166328,27.771146796001148
2082.0,EEU,0.069001338,1293.071636,4073.2446547379996,0.0,0.0
2082.0,FSU,0.659652195,1293.071898,4073.8361308949998,0.0,0.0
2082.0,IND,0.069000193,1293.072042,4073.245932493,0.0,0.0
2082.0,JPN,0.798424596,1057.729857,3332.647474146,0.0,0.0
2082.0,MEX,0.650957933,1293.071787,4073.8270869830003,0.0,0.0
2082.0,MEA,0.663181028,1293.072089,4073.840261378,0.0,0.0
2082.0,ODA,0.672963652,1293.072079,4073.850012502,0.0,0.0
2082.0,SKO,0.671160732,1293.07155,4073.8465432319995,0.0,0.0
2082.0,UK,0.839250437,270.1334187,851.759519342,0.0,0.0
2082.0,USA,0.777805358,1238.659356,3902.5547767579997,0.0,0.0
2082.0,WEU,0.845536019,956.7997988,3014.7649022389996,0.0,0.0
2083.0,AFR,0.621015793,1279.357302,4030.5965170929994,0.0,0.0
2083.0,AUS,0.664282483,0.000126917,0.66468227155,2.130711765873142,8.273939314186686
2083.0,CAN,0.840392751,540.9523866,1704.840410541,0.0,0.0
2083.0,CSA,0.629595318,1279.251818,4030.2728220179997,0.0,0.0
2083.0,CHI,0.664282196,1.65e-05,0.664334171,29.545965549171573,27.661575466147312
2083.0,EEU,0.069001322,1279.356913,4030.043277272,0.0,0.0
2083.0,FSU,0.628627468,1279.357178,4030.603738168,0.0,0.0
2083.0,IND,0.069000188,1279.357316,4030.044545588,0.0,0.0
2083.0,JPN,0.773988365,1043.179483,3286.789359815,0.0,0.0
2083.0,MEX,0.619955296,1279.357075,4030.5947415459996,0.0,0.0
2083.0,MEA,0.632365077,1279.357364,4030.608061677,0.0,0.0
2083.0,ODA,0.641692995,1279.357354,4030.617358095,0.0,0.0
2083.0,SKO,0.640134048,1279.356861,4030.614246198,0.0,0.0
2083.0,UK,0.837844024,275.2108888,867.752143744,0.0,0.0
2083.0,USA,0.741087492,1231.746222,3880.741686792,0.0,0.0
2083.0,WEU,0.844120806,950.9341923,2996.2868265509996,0.0,0.0
2084.0,AFR,0.590042773,1265.64258,3987.3641697729995,0.0,0.0
2084.0,AUS,0.656722108,0.000125463,0.6571173164499999,2.137321204035078,8.269283047650623
2084.0,CAN,0.839436913,589.4649605,1857.654062488,0.0,0.0
2084.0,CSA,0.598394152,1265.538138,3987.0435288519993,0.0,0.0
2084.0,CHI,0.656721824,1.69e-05,0.656775059,29.539669344230347,27.54783989403793
2084.0,EEU,0.069001307,1265.64219,3986.8418998069997,0.0,0.0
2084.0,FSU,0.597602741,1265.642458,3987.3713454410004,0.0,0.0
2084.0,IND,0.069000184,1265.64259,3986.8431586839997,0.0,0.0
2084.0,JPN,0.749552133,1028.629109,3240.931245483,0.0,0.0
2084.0,MEX,0.58895266,1265.642362,3987.36239296,0.0,0.0
2084.0,MEA,0.601549126,1265.642638,3987.375858826,0.0,0.0
2084.0,ODA,0.610422338,1265.642629,3987.3847036879997,0.0,0.0
2084.0,SKO,0.609107363,1265.642173,3987.3819523129996,0.0,0.0
2084.0,UK,0.836437612,280.2883588,883.7447678320001,0.0,0.0
2084.0,USA,0.704369627,1224.833088,3858.928596827,0.0,0.0
2084.0,WEU,0.842705593,945.0685859,2977.808751178,0.0,0.0
2085.0,AFR,0.559069753,1251.927858,3944.131822453,0.0,0.0
2085.0,AUS,0.649161733,0.000124009,0.64955236135,2.143436245096172,8.25986405924612
2085.0,CAN,0.838481075,637.9775344,2010.4677144349998,0.0,0.0
2085.0,CSA,0.567192986,1251.824458,3943.814235686,0.0,0.0
2085.0,CHI,0.649161451,1.72e-05,0.649215631,29.529037263300054,27.42842076765094
2085.0,EEU,0.069001291,1251.927467,3943.6405223409997,0.0,0.0
2085.0,FSU,0.566578013,1251.927738,3944.138952713,0.0,0.0
2085.0,IND,0.06900018,1251.927865,3943.6417749300003,0.0,0.0
2085.0,JPN,0.725115902,1014.078736,3195.073134302,0.0,0.0
2085.0,MEX,0.557950023,1251.92765,3944.1300475230005,0.0,0.0
2085.0,MEA,0.570733174,1251.927912,3944.143655974,0.0,0.0
2085.0,ODA,0.579151681,1251.927903,3944.152046131,0.0,0.0
2085.0,SKO,0.578080679,1251.927484,3944.149655279,0.0,0.0
2085.0,UK,0.835031199,285.3658288,899.737391919,0.0,0.0
2085.0,USA,0.667651761,1217.919953,3837.115503711,0.0,0.0
2085.0,WEU,0.84129038,939.2029794,2959.33067549,0.0,0.0
2086.0,AFR,0.528096733,1238.213136,3900.899475133,0.0,0.0
2086.0,AUS,0.641601359,0.000122555,0.64198740725,2.14740543469994,8.259271143943486
2086.0,CAN,0.837525237,686.4901083,2163.281366382,0.0,0.0
2086.0,CSA,0.53599182,1238.110779,3900.5849456700003,0.0,0.0
2086.0,CHI,0.641601079,1.76e-05,0.641656519,29.538297326489374,27.329024241219976
2086.0,EEU,0.069001275,1238.212744,3900.439144875,0.0,0.0
2086.0,FSU,0.535553286,1238.213018,3900.9065599859996,0.0,0.0
2086.0,IND,0.069000175,1238.213139,3900.4403880249997,0.0,0.0
2086.0,JPN,0.700679671,999.5283618,3149.2150193410002,0.0,0.0
2086.0,MEX,0.526947387,1238.212937,3900.897698937,0.0,0.0
2086.0,MEA,0.539917223,1238.213187,3900.911456273,0.0,0.0
2086.0,ODA,0.547881024,1238.213178,3900.919391724,0.0,0.0
2086.0,SKO,0.547053995,1238.212795,3900.917358245,0.0,0.0
2086.0,UK,0.833624786,290.4432988,915.7300160059999,0.0,0.0
2086.0,USA,0.630933895,1211.006819,3815.3024137449997,0.0,0.0
2086.0,WEU,0.839875168,933.3373729,2940.852599803,0.0,0.0
2087.0,AFR,0.497123713,1224.498413,3857.667124663,0.0,0.0
2087.0,AUS,0.634040984,0.000121101,0.6344224521499999,2.152061826817113,8.261101874403622
2087.0,CAN,0.836569399,735.0026822,2316.0950183289997,0.0,0.0
2087.0,CSA,0.504790654,1224.397099,3857.355652504,0.0,0.0
2087.0,CHI,0.634040707,1.79e-05,0.6340970920000001,29.552359658972247,27.228571720955063
2087.0,EEU,0.069001259,1224.498021,3857.237767409,0.0,0.0
2087.0,FSU,0.504528558,1224.498298,3857.6741672579997,0.0,0.0
2087.0,IND,0.069000171,1224.498413,3857.239001121,0.0,0.0
2087.0,JPN,0.67624344,984.977988,3103.3569056399997,0.0,0.0
2087.0,MEX,0.49594475,1224.498225,3857.6653535,0.0,0.0
2087.0,MEA,0.509101272,1224.498461,3857.6792534219994,0.0,0.0
2087.0,ODA,0.516610367,1224.498452,3857.686734167,0.0,0.0
2087.0,SKO,0.516027311,1224.498106,3857.6850612109997,0.0,0.0
2087.0,UK,0.832218373,295.5207688,931.722640093,0.0,0.0
2087.0,USA,0.594216029,1204.093684,3793.489320629,0.0,0.0
2087.0,WEU,0.838459955,927.4717664,2922.374524115,0.0,0.0
2088.0,AFR,0.466150693,1210.783691,3814.4347773430004,0.0,0.0
2088.0,AUS,0.626480609,0.000119647,0.62685749705,2.157334013233112,8.271411113743453
2088.0,CAN,0.835613561,783.515256,2468.908669961,0.0,0.0
2088.0,CSA,0.473589488,1210.68342,3814.1263624880003,0.0,0.0
2088.0,CHI,0.626480335,1.83e-05,0.62653798,29.571670887567088,27.14818503943156
2088.0,EEU,0.069001244,1210.783298,3814.036389944,0.0,0.0
2088.0,FSU,0.473503831,1210.783578,3814.441774531,0.0,0.0
2088.0,IND,0.069000166,1210.783687,3814.0376142160003,0.0,0.0
2088.0,JPN,0.651807209,970.4276142,3057.4987919389996,0.0,0.0
2088.0,MEX,0.464942114,1210.783512,3814.433004914,0.0,0.0
2088.0,MEA,0.478285321,1210.783735,3814.4470505709996,0.0,0.0
2088.0,ODA,0.485339711,1210.783727,3814.454079761,0.0,0.0
2088.0,SKO,0.485000627,1210.783417,3814.452764177,0.0,0.0
2088.0,UK,0.830811961,300.5982388,947.715264181,0.0,0.0
2088.0,USA,0.557498164,1197.18055,3771.6762306640003,0.0,0.0
2088.0,WEU,0.837044742,921.60616,2903.8964487420003,0.0,0.0
2089.0,AFR,0.435177673,1197.068969,3771.2024300229996,0.0,0.0
2089.0,AUS,0.618920234,0.000118193,0.6192925419499999,2.163187992141398,8.286447650934393
2089.0,CAN,0.834657723,832.0278299,2621.722321908,0.0,0.0
2089.0,CSA,0.442388322,1196.96974,3770.897069322,0.0,0.0
2089.0,CHI,0.618919963,1.86e-05,0.6189785529999999,29.600968299571832,27.082624839058383
2089.0,EEU,0.069001228,1197.068575,3770.835012478,0.0,0.0
2089.0,FSU,0.442479103,1197.068858,3771.2093818030003,0.0,0.0
2089.0,IND,0.069000162,1197.068962,3770.836230462,0.0,0.0
2089.0,JPN,0.627370977,955.8772404,3011.640678237,0.0,0.0
2089.0,MEX,0.433939478,1197.0688,3771.200659478,0.0,0.0
2089.0,MEA,0.44746937,1197.06901,3771.2148508699997,0.0,0.0
2089.0,ODA,0.454069054,1197.069002,3771.2214253539996,0.0,0.0
2089.0,SKO,0.453973943,1197.068728,3771.220467143,0.0,0.0
2089.0,UK,0.829405548,305.6757088,963.7078882679999,0.0,0.0
2089.0,USA,0.520780298,1190.267416,3749.8631406979994,0.0,0.0
2089.0,WEU,0.835629529,915.7405535,2885.418373054,0.0,0.0
2090.0,AFR,0.404204653,1183.354247,3727.9700827029997,0.0,0.0
2090.0,AUS,0.61135986,0.000116739,0.61172758785,2.1698406428548664,8.307131785067675
2090.0,CAN,0.833701885,880.5404038,2774.535973855,0.0,0.0
2090.0,CSA,0.411187156,1183.25606,3727.6677761559995,0.0,0.0
2090.0,CHI,0.61135959,1.9e-05,0.6114194399999999,29.636705553352744,27.032813496050867
2090.0,EEU,0.069001212,1183.353852,3727.6336350119996,0.0,0.0
2090.0,FSU,0.411454376,1183.354138,3727.976989076,0.0,0.0
2090.0,IND,0.069000157,1183.354236,3727.634843557,0.0,0.0
2090.0,JPN,0.602934746,941.3268667,2965.7825648509997,0.0,0.0
2090.0,MEX,0.402936841,1183.354087,3727.968310891,0.0,0.0
2090.0,MEA,0.416653418,1183.354284,3727.982648018,0.0,0.0
2090.0,ODA,0.422798397,1183.354276,3727.988767797,0.0,0.0
2090.0,SKO,0.422947259,1183.354039,3727.9881701090003,0.0,0.0
2090.0,UK,0.827999135,310.7531788,979.700512355,0.0,0.0
2090.0,USA,0.484062432,1183.354281,3728.0500475819995,0.0,0.0
2090.0,WEU,0.834214317,909.874947,2866.940297367,0.0,0.0
2091.0,AFR,0.399933809,1117.296459,3519.8837796589996,0.0,0.0
2091.0,AUS,0.616773574,0.000133275,0.61719339025,2.1691402940817293,8.338031066537413
2091.0,CAN,0.820693073,844.7639895,2661.8272599979996,0.0,0.0
2091.0,CSA,0.410812295,1115.855272,3515.3549190950002,0.0,0.0
2091.0,CHI,0.616773302,2.26e-05,0.616844492,29.605436181645974,27.17214145876766
2091.0,EEU,0.069001148,1117.296084,3519.5516657480002,0.0,0.0
2091.0,FSU,0.407178843,1117.296355,3519.8906970929997,0.0,0.0
2091.0,IND,0.06900015,1117.296449,3519.5528145,0.0,0.0
2091.0,JPN,0.579909837,869.9486835,2740.9182628619997,0.0,0.0
2091.0,MEX,0.39866409,1117.296307,3519.88203114,0.0,0.0
2091.0,MEA,0.412407933,1117.296494,3519.896364033,0.0,0.0
2091.0,ODA,0.418521299,1117.296487,3519.9024553490003,0.0,0.0
2091.0,SKO,0.418673137,1117.296265,3519.9019078869997,0.0,0.0
2091.0,UK,0.839369044,300.7312994,948.1429621540001,0.0,0.0
2091.0,USA,0.481723665,1117.296491,3519.9656703150004,0.0,0.0
2091.0,WEU,0.820395574,871.1650898,2744.990428444,0.0,0.0
2092.0,AFR,0.395662964,1051.23867,3311.7974734639997,0.0,0.0
2092.0,AUS,0.622187289,0.000149811,0.62265919365,2.16845282251219,8.36935657995711
2092.0,CAN,0.80768426,808.9875752,2549.11854614,0.0,0.0
2092.0,CSA,0.410437434,1048.454483,3303.0420588839997,0.0,0.0
2092.0,CHI,0.622187013,2.63e-05,0.622269858,29.574993877799177,27.32324268426809
2092.0,EEU,0.069001083,1051.238315,3311.469693333,0.0,0.0
2092.0,FSU,0.40290331,1051.238571,3311.80440196,0.0,0.0
2092.0,IND,0.069000143,1051.238662,3311.470785443,0.0,0.0
2092.0,JPN,0.556884928,798.5705003,2516.053960873,0.0,0.0
2092.0,MEX,0.39439134,1051.238526,3311.79574824,0.0,0.0
2092.0,MEA,0.408162448,1051.238704,3311.810080048,0.0,0.0
2092.0,ODA,0.414244202,1051.238697,3311.8161397520003,0.0,0.0
2092.0,SKO,0.414399015,1051.23849,3311.815642515,0.0,0.0
2092.0,UK,0.850738953,290.70942,916.5854119530001,0.0,0.0
2092.0,USA,0.479384897,1051.238701,3311.881293047,0.0,0.0
2092.0,WEU,0.806576831,832.4552325,2623.0405592059997,0.0,0.0
2093.0,AFR,0.39139212,985.1808822,3103.7111710500003,0.0,0.0
2093.0,AUS,0.627601003,0.000166347,0.6281249960499999,2.168081884478916,8.40269857931397
2093.0,CAN,0.794675447,773.2111609,2436.4098322819996,0.0,0.0
2093.0,CSA,0.410062574,981.0536945,3090.7292002490003,0.0,0.0
2093.0,CHI,0.627600724,3e-05,0.627695224,29.551714207954006,27.491491989224723
2093.0,EEU,0.069001019,985.1805469,3103.387723754,0.0,0.0
2093.0,FSU,0.398627777,985.1807883,3103.718110922,0.0,0.0
2093.0,IND,0.069000136,985.1808754,3103.3887576459997,0.0,0.0
2093.0,JPN,0.53386002,727.1923172,2291.1896592,0.0,0.0
2093.0,MEX,0.390118589,985.1807459,3103.709468174,0.0,0.0
2093.0,MEA,0.403916963,985.1809139,3103.7237957479997,0.0,0.0
2093.0,ODA,0.409967104,985.180908,3103.729827304,0.0,0.0
2093.0,SKO,0.410124892,985.180716,3103.729380292,0.0,0.0
2093.0,UK,0.862108861,280.6875405,885.0278614360001,0.0,0.0
2093.0,USA,0.477046129,985.1809115,3103.796917354,0.0,0.0
2093.0,WEU,0.792758088,793.7453752,2501.090689968,0.0,0.0
2094.0,AFR,0.387121276,919.123094,2895.624867376,0.0,0.0
2094.0,AUS,0.633014717,0.000182883,0.63359079845,2.1680577630274662,8.43669452540598
2094.0,CAN,0.781666635,737.4347466,2323.701118425,0.0,0.0
2094.0,CSA,0.409687713,913.6529059,2878.4163412979997,0.0,0.0
2094.0,CHI,0.633014435,3.37e-05,0.63312059,29.532372709484513,27.671631783369044
2094.0,EEU,0.069000955,919.1227785,2895.30575323,0.0,0.0
2094.0,FSU,0.394352244,919.1230051,2895.6318183089998,0.0,0.0
2094.0,IND,0.069000129,919.1230885,2895.306728904,0.0,0.0
2094.0,JPN,0.510835111,655.814134,2066.3253572109998,0.0,0.0
2094.0,MEX,0.385845838,919.1229655,2895.623187163,0.0,0.0
2094.0,MEA,0.399671478,919.1231239,2895.637511763,0.0,0.0
2094.0,ODA,0.405690007,919.1231185,2895.643513282,0.0,0.0
2094.0,SKO,0.40585077,919.1229416,2895.64311681,0.0,0.0
2094.0,UK,0.87347877,270.6656611,853.470311235,0.0,0.0
2094.0,USA,0.474707361,919.1231216,2895.712540401,0.0,0.0
2094.0,WEU,0.778939346,755.035518,2379.140821046,0.0,0.0
2095.0,AFR,0.382850432,853.0653057,2687.5385633869996,0.0,0.0
2095.0,AUS,0.638428432,0.000199419,0.63905660185,2.1689048004836162,8.47702852574211
2095.0,CAN,0.768657822,701.6583323,2210.992404567,0.0,0.0
2095.0,CSA,0.409312853,846.2521174,2666.103482663,0.0,0.0
2095.0,CHI,0.638428147,3.73e-05,0.638545642,29.522139806256963,27.866530264211008
2095.0,EEU,0.06900089,853.0650101,2687.223782705,0.0,0.0
2095.0,FSU,0.390076711,853.065222,2687.5455260109998,0.0,0.0
2095.0,IND,0.069000121,853.0653016,2687.224700161,0.0,0.0
2095.0,JPN,0.487810202,584.4359508,1841.461055222,0.0,0.0
2095.0,MEX,0.381573087,853.0651852,2687.536906467,0.0,0.0
2095.0,MEA,0.395425993,853.0653338,2687.551227463,0.0,0.0
2095.0,ODA,0.401412909,853.0653291,2687.557199574,0.0,0.0
2095.0,SKO,0.401576648,853.0651672,2687.556853328,0.0,0.0
2095.0,UK,0.884848679,260.6437816,821.9127607190001,0.0,0.0
2095.0,USA,0.472368594,853.0653316,2687.628163134,0.0,0.0
2095.0,WEU,0.765120603,716.3256607,2257.1909518079997,0.0,0.0
2096.0,AFR,0.378579587,787.0075175,2479.4522597119994,0.0,0.0
2096.0,AUS,0.643842146,0.000215955,0.64452240425,2.16934172311981,8.516164995905804
2096.0,CAN,0.755649009,665.881918,2098.283690709,0.0,0.0
2096.0,CSA,0.408937992,778.8513288,2453.790623712,0.0,0.0
2096.0,CHI,0.643841858,4.1e-05,0.6439710080000001,29.538102351354365,28.078743616386905
2096.0,EEU,0.069000826,787.0072417,2479.1418121809998,0.0,0.0
2096.0,FSU,0.385801178,787.0074388,2479.459233398,0.0,0.0
2096.0,IND,0.069000114,787.0075147,2479.142671419,0.0,0.0
2096.0,JPN,0.464785293,513.0577677,1616.596753548,0.0,0.0
2096.0,MEX,0.377300337,787.0074048,2479.450625457,0.0,0.0
2096.0,MEA,0.391180508,787.0075438,2479.464943478,0.0,0.0
2096.0,ODA,0.397135812,787.0075396,2479.4708855520003,0.0,0.0
2096.0,SKO,0.397302526,787.0073929,2479.470590161,0.0,0.0
2096.0,UK,0.896218587,250.6219022,790.3552105169999,0.0,0.0
2096.0,USA,0.470029826,787.0075417,2479.543786181,0.0,0.0
2096.0,WEU,0.75130186,677.6158034,2135.24108257,0.0,0.0
2097.0,AFR,0.374308743,720.9497292,2271.365955723,0.0,0.0
2097.0,AUS,0.649255861,0.000232491,0.64998820765,2.1694284313688668,8.55892318610058
2097.0,CAN,0.742640197,630.1055037,1985.5749768519997,0.0,0.0
2097.0,CSA,0.408563132,711.4505402,2241.477764762,0.0,0.0
2097.0,CHI,0.649255569,4.47e-05,0.649396374,29.564185660242945,28.31224422646427
2097.0,EEU,0.069000762,720.9494733,2271.059841657,0.0,0.0
2097.0,FSU,0.381525645,720.9496556,2271.3729407849996,0.0,0.0
2097.0,IND,0.069000107,720.9497278,2271.060642677,0.0,0.0
2097.0,JPN,0.441760384,441.6795845,1391.7324515589999,0.0,0.0
2097.0,MEX,0.373027586,720.9496244,2271.3643444459994,0.0,0.0
2097.0,MEA,0.386935023,720.9497538,2271.378659493,0.0,0.0
2097.0,ODA,0.392858714,720.9497501,2271.384571529,0.0,0.0
2097.0,SKO,0.393028404,720.9496185,2271.384326679,0.0,0.0
2097.0,UK,0.907588496,240.6000227,758.797660001,0.0,0.0
2097.0,USA,0.467691058,720.9497517,2271.459408913,0.0,0.0
2097.0,WEU,0.737483117,638.9059462,2013.291213647,0.0,0.0
2098.0,AFR,0.370037899,654.891941,2063.279652049,0.0,0.0
2098.0,AUS,0.654669575,0.000249026,0.6554540069,2.1696496350386116,8.596044762906374
2098.0,CAN,0.729631384,594.3290895,1872.866263309,0.0,0.0
2098.0,CSA,0.408188271,644.0497516,2029.164905811,0.0,0.0
2098.0,CHI,0.65466928,4.84e-05,0.65482174,29.588012340641605,28.51698106703932
2098.0,EEU,0.069000697,654.8917049,2062.977871132,0.0,0.0
2098.0,FSU,0.377250112,654.8918725,2063.286648487,0.0,0.0
2098.0,IND,0.0690001,654.8919409,2062.978613935,0.0,0.0
2098.0,JPN,0.418735475,370.3014013,1166.86814957,0.0,0.0
2098.0,MEX,0.368754835,654.891844,2063.2780634349997,0.0,0.0
2098.0,MEA,0.382689538,654.8919637,2063.2923751929998,0.0,0.0
2098.0,ODA,0.388581616,654.8919607,2063.298257821,0.0,0.0
2098.0,SKO,0.388754282,654.8918441,2063.2980631969995,0.0,0.0
2098.0,UK,0.918958405,230.5781433,727.2401098,0.0,0.0
2098.0,USA,0.46535229,654.8919618,2063.37503196,0.0,0.0
2098.0,WEU,0.723664375,600.1960889,1891.3413444099997,0.0,0.0
2099.0,AFR,0.365767055,588.8341528,1855.193348375,0.0,0.0
2099.0,AUS,0.660083289,0.000265562,0.6609198093,2.1698953529941254,8.631331051168495
2099.0,CAN,0.716622571,558.5526752,1760.1575494509998,0.0,0.0
2099.0,CSA,0.407813411,576.648963,1816.852046861,0.0,0.0
2099.0,CHI,0.660082991,5.2e-05,0.660246791,29.613827316283324,28.72584170959635
2099.0,EEU,0.069000633,588.8339365,1854.8959006080001,0.0,0.0
2099.0,FSU,0.372974579,588.8340893,1855.2003558739998,0.0,0.0
2099.0,IND,0.069000093,588.8341541,1854.896585508,0.0,0.0
2099.0,JPN,0.395710566,298.9232182,942.003847896,0.0,0.0
2099.0,MEX,0.364482084,588.8340636,1855.191782424,0.0,0.0
2099.0,MEA,0.378444053,588.8341737,1855.2060912079999,0.0,0.0
2099.0,ODA,0.384304519,588.8341712,1855.211943799,0.0,0.0
2099.0,SKO,0.384480159,588.8340697,1855.2117997139999,0.0,0.0
2099.0,UK,0.930328313,220.5562639,695.682559598,0.0,0.0
2099.0,USA,0.463013523,588.8341718,1855.290654693,0.0,0.0
2099.0,WEU,0.709845632,561.4862316,1769.391475172,0.0,0.0
2100.0,AFR,0.36149621,522.7763645,1647.1070443849999,0.0,0.0
2100.0,AUS,0.665497004,0.000282098,0.6663856127,2.1702931923459063,8.670162036892687
2100.0,CAN,0.703613759,522.7762609,1647.448835594,0.0,0.0
2100.0,CSA,0.40743855,509.2481744,1604.53918791,0.0,0.0
2100.0,CHI,0.665496703,5.57e-05,0.665672158,29.639877082607562,28.947497108716288
2100.0,EEU,0.069000569,522.7761681,1646.8139300839998,0.0,0.0
2100.0,FSU,0.368699046,522.7763061,1647.1140632610002,0.0,0.0
2100.0,IND,0.069000086,522.7763672,1646.814556766,0.0,0.0
2100.0,JPN,0.372685657,227.545035,717.1395459070001,0.0,0.0
2100.0,MEX,0.360209334,522.7762832,1647.105501414,0.0,0.0
2100.0,MEA,0.374198568,522.7763837,1647.119807223,0.0,0.0
2100.0,ODA,0.380027421,522.7763818,1647.125630091,0.0,0.0
2100.0,SKO,0.380206037,522.7762953,1647.125536232,0.0,0.0
2100.0,UK,0.941698222,210.5343844,664.125009082,0.0,0.0
2100.0,USA,0.460674755,522.7763819,1647.20627774,0.0,0.0
2100.0,WEU,0.696026889,522.7763744,1647.441606249,0.0,0.0
