Year,Region,RegionIndex,KER_price ($/kg),CO2_price ($/kgCO2)
2005,AFR,0,0.464973089,0
2005,AUS,1,0.464973089,0
2005,CAN,2,0.464973089,0
2005,CSA,3,0.464973089,0
2005,CHI,4,0.464973089,0
2005,EEU,5,0.464973089,0
2005,FSU,6,0.464973089,0
2005,IND,7,0.464973089,0
2005,JPN,8,0.464973089,0
2005,MEX,9,0.464973089,0
2005,MEA,10,0.464973089,0
2005,ODA,11,0.464973089,0
2005,SKO,12,0.464973089,0
2005,UK,13,0.464973089,0
2005,USA,14,0.464973089,0
2005,WEU,15,0.464973089,0
2006,AFR,0,0.464973089,0
2006,AUS,1,0.464973089,0
2006,CAN,2,0.464973089,0
2006,CSA,3,0.464973089,0
2006,CHI,4,0.464973089,0
2006,EEU,5,0.464973089,0
2006,FSU,6,0.464973089,0
2006,IND,7,0.464973089,0
2006,JPN,8,0.464973089,0
2006,MEX,9,0.464973089,0
2006,MEA,10,0.464973089,0
2006,ODA,11,0.464973089,0
2006,SKO,12,0.464973089,0
2006,UK,13,0.464973089,0
2006,USA,14,0.464973089,0
2006,WEU,15,0.464973089,0
2007,AFR,0,0.464973089,0
2007,AUS,1,0.464973089,0
2007,CAN,2,0.464973089,0
2007,CSA,3,0.464973089,0
2007,CHI,4,0.464973089,0
2007,EEU,5,0.464973089,0
2007,FSU,6,0.464973089,0
2007,IND,7,0.464973089,0
2007,JPN,8,0.464973089,0
2007,MEX,9,0.464973089,0
2007,MEA,10,0.464973089,0
2007,ODA,11,0.464973089,0
2007,SKO,12,0.464973089,0
2007,UK,13,0.464973089,0
2007,USA,14,0.464973089,0
2007,WEU,15,0.464973089,0
2008,AFR,0,0.464973089,0
2008,AUS,1,0.464973089,0
2008,CAN,2,0.464973089,0
2008,CSA,3,0.464973089,0
2008,CHI,4,0.464973089,0
2008,EEU,5,0.464973089,0
2008,FSU,6,0.464973089,0
2008,IND,7,0.464973089,0
2008,JPN,8,0.464973089,0
2008,MEX,9,0.464973089,0
2008,MEA,10,0.464973089,0
2008,ODA,11,0.464973089,0
2008,SKO,12,0.464973089,0
2008,UK,13,0.464973089,0
2008,USA,14,0.464973089,0
2008,WEU,15,0.464973089,0
2009,AFR,0,0.464973089,0
2009,AUS,1,0.464973089,0
2009,CAN,2,0.464973089,0
2009,CSA,3,0.464973089,0
2009,CHI,4,0.464973089,0
2009,EEU,5,0.464973089,0
2009,FSU,6,0.464973089,0
2009,IND,7,0.464973089,0
2009,JPN,8,0.464973089,0
2009,MEX,9,0.464973089,0
2009,MEA,10,0.464973089,0
2009,ODA,11,0.464973089,0
2009,SKO,12,0.464973089,0
2009,UK,13,0.464973089,0
2009,USA,14,0.464973089,0
2009,WEU,15,0.464973089,0
2010,AFR,0,0.47292767,0
2010,AUS,1,0.4611861,0
2010,CAN,2,0.478523066,0
2010,CSA,3,0.479265936,0
2010,CHI,4,0.467255195,0
2010,EEU,5,0.473101945,0
2010,FSU,6,0.446413024,0
2010,IND,7,0.400370813,0
2010,JPN,8,0.467649192,0
2010,MEX,9,0.487844793,0
2010,MEA,10,0.450168669,0
2010,ODA,11,0.459134501,0
2010,SKO,12,0.427034994,0
2010,UK,13,0.473354378,0
2010,USA,14,0.489422293,0
2010,WEU,15,0.473354382,0
2011,AFR,0,0.487449888,0
2011,AUS,1,0.480615963,0
2011,CAN,2,0.50107322,0
2011,CSA,3,0.495853336,0
2011,CHI,4,0.486785674,0
2011,EEU,5,0.489660155,0
2011,FSU,6,0.465943503,0
2011,IND,7,0.425042928,0
2011,JPN,8,0.475602053,0
2011,MEX,9,0.503344567,0
2011,MEA,10,0.469414742,0
2011,ODA,11,0.47852981,0
2011,SKO,12,0.437768851,0
2011,UK,13,0.489498492,0.018141367
2011,USA,14,0.504824977,0
2011,WEU,15,0.489490486,0
2012,AFR,0,0.501972105,0
2012,AUS,1,0.500045826,0
2012,CAN,2,0.523623374,0
2012,CSA,3,0.512440736,0
2012,CHI,4,0.506316153,0
2012,EEU,5,0.506218366,0
2012,FSU,6,0.485473981,0
2012,IND,7,0.449715042,0
2012,JPN,8,0.483554915,0
2012,MEX,9,0.518844342,0
2012,MEA,10,0.488660814,0
2012,ODA,11,0.497925119,0
2012,SKO,12,0.448502707,0
2012,UK,13,0.505642605,0.036282733
2012,USA,14,0.520227661,0
2012,WEU,15,0.50562659,0
2013,AFR,0,0.516494323,0
2013,AUS,1,0.519475689,0
2013,CAN,2,0.546173528,0
2013,CSA,3,0.529028136,0
2013,CHI,4,0.525846631,0
2013,EEU,5,0.522776576,0
2013,FSU,6,0.50500446,0
2013,IND,7,0.474387156,0
2013,JPN,8,0.491507777,0
2013,MEX,9,0.534344117,0
2013,MEA,10,0.507906887,0
2013,ODA,11,0.517320428,0
2013,SKO,12,0.459236563,0
2013,UK,13,0.521786718,0.0544241
2013,USA,14,0.535630345,0
2013,WEU,15,0.521762695,0
2014,AFR,0,0.53101654,0
2014,AUS,1,0.538905553,0
2014,CAN,2,0.568723682,0
2014,CSA,3,0.545615536,0
2014,CHI,4,0.54537711,0
2014,EEU,5,0.539334787,0
2014,FSU,6,0.524534938,0
2014,IND,7,0.49905927,0
2014,JPN,8,0.499460639,0
2014,MEX,9,0.549843891,0
2014,MEA,10,0.527152959,0
2014,ODA,11,0.536715737,0
2014,SKO,12,0.469970419,0
2014,UK,13,0.537930831,0.072565466
2014,USA,14,0.551033029,0
2014,WEU,15,0.537898799,0
2015,AFR,0,0.545538757,0
2015,AUS,1,0.558335416,0
2015,CAN,2,0.591273836,0
2015,CSA,3,0.562202936,0
2015,CHI,4,0.564907589,0
2015,EEU,5,0.555892998,0
2015,FSU,6,0.544065416,0
2015,IND,7,0.523731384,0
2015,JPN,8,0.5074135,0
2015,MEX,9,0.565343666,0
2015,MEA,10,0.546399031,0
2015,ODA,11,0.556111046,0
2015,SKO,12,0.480704276,0
2015,UK,13,0.554074944,0.090706833
2015,USA,14,0.566435713,0
2015,WEU,15,0.554034903,0
2016,AFR,0,0.560060975,0
2016,AUS,1,0.577765279,0
2016,CAN,2,0.61382399,0
2016,CSA,3,0.578790336,0
2016,CHI,4,0.584438067,0
2016,EEU,5,0.572451208,0
2016,FSU,6,0.563595895,0
2016,IND,7,0.548403499,0
2016,JPN,8,0.515366362,0
2016,MEX,9,0.580843441,0
2016,MEA,10,0.565645104,0
2016,ODA,11,0.575506355,0
2016,SKO,12,0.491438132,0
2016,UK,13,0.570219057,0.108848199
2016,USA,14,0.581838397,0
2016,WEU,15,0.570171007,0
2017,AFR,0,0.574583192,0
2017,AUS,1,0.597195142,0
2017,CAN,2,0.636374144,0
2017,CSA,3,0.595377736,0
2017,CHI,4,0.603968546,0
2017,EEU,5,0.589009419,0
2017,FSU,6,0.583126373,0
2017,IND,7,0.573075613,0
2017,JPN,8,0.523319224,0
2017,MEX,9,0.596343215,0
2017,MEA,10,0.584891176,0
2017,ODA,11,0.594901664,0
2017,SKO,12,0.502171988,0
2017,UK,13,0.58636317,0.126989566
2017,USA,14,0.597241081,0
2017,WEU,15,0.586307112,0
2018,AFR,0,0.589105409,0
2018,AUS,1,0.616625005,0
2018,CAN,2,0.658924298,0
2018,CSA,3,0.611965136,0
2018,CHI,4,0.623499025,0
2018,EEU,5,0.60556763,0
2018,FSU,6,0.602656852,0
2018,IND,7,0.597747727,0
2018,JPN,8,0.531272086,0
2018,MEX,9,0.61184299,0
2018,MEA,10,0.604137249,0
2018,ODA,11,0.614296974,0
2018,SKO,12,0.512905844,0
2018,UK,13,0.602507283,0.145130932
2018,USA,14,0.612643765,0
2018,WEU,15,0.602443216,0
2019,AFR,0,0.603627627,0
2019,AUS,1,0.636054868,0
2019,CAN,2,0.681474451,0
2019,CSA,3,0.628552536,0
2019,CHI,4,0.643029503,0
2019,EEU,5,0.62212584,0
2019,FSU,6,0.62218733,0
2019,IND,7,0.622419841,0
2019,JPN,8,0.539224947,0
2019,MEX,9,0.627342765,0
2019,MEA,10,0.623383321,0
2019,ODA,11,0.633692283,0
2019,SKO,12,0.523639701,0
2019,UK,13,0.618651396,0.163272299
2019,USA,14,0.628046449,0
2019,WEU,15,0.61857932,0
2020,AFR,0,0.618149844,0
2020,AUS,1,0.655484732,0
2020,CAN,2,0.704024605,0
2020,CSA,3,0.645139936,0
2020,CHI,4,0.662559982,0
2020,EEU,5,0.638684051,0
2020,FSU,6,0.641717808,0
2020,IND,7,0.647091955,0
2020,JPN,8,0.547177809,0
2020,MEX,9,0.64284254,0
2020,MEA,10,0.642629393,0
2020,ODA,11,0.653087592,0
2020,SKO,12,0.534373557,0
2020,UK,13,0.634795509,0.181413665
2020,USA,14,0.643449133,0
2020,WEU,15,0.634715424,0
2021,AFR,0,0.620261235,0
2021,AUS,1,0.655821626,0
2021,CAN,2,0.698699652,0
2021,CSA,3,0.644027001,0
2021,CHI,4,0.662827833,1.16E-15
2021,EEU,5,0.639438088,0
2021,FSU,6,0.64198566,0
2021,IND,7,0.648106377,0
2021,JPN,8,0.552968943,0
2021,MEX,9,0.641886699,0
2021,MEA,10,0.643688779,0
2021,ODA,11,0.654041603,0
2021,SKO,12,0.537938384,0
2021,UK,13,0.63577084,0.163272299
2021,USA,14,0.642215689,0
2021,WEU,15,0.635698764,0
2022,AFR,0,0.622372625,0
2022,AUS,1,0.656158521,0
2022,CAN,2,0.693374698,0
2022,CSA,3,0.642914065,0
2022,CHI,4,0.663095684,2.31E-15
2022,EEU,5,0.640192125,0
2022,FSU,6,0.642253511,0
2022,IND,7,0.649120799,0
2022,JPN,8,0.558760076,0
2022,MEX,9,0.640930859,0
2022,MEA,10,0.644748164,0
2022,ODA,11,0.654995614,0
2022,SKO,12,0.541503211,0
2022,UK,13,0.636746171,0.145130932
2022,USA,14,0.640982245,0
2022,WEU,15,0.636682103,0
2023,AFR,0,0.624484016,0
2023,AUS,1,0.656495415,0
2023,CAN,2,0.688049744,0
2023,CSA,3,0.64180113,0
2023,CHI,4,0.663363535,3.47E-15
2023,EEU,5,0.640946161,0
2023,FSU,6,0.642521362,0
2023,IND,7,0.65013522,0
2023,JPN,8,0.56455121,0
2023,MEX,9,0.639975019,0
2023,MEA,10,0.645807549,0
2023,ODA,11,0.655949626,0
2023,SKO,12,0.545068038,0
2023,UK,13,0.637721501,0.126989566
2023,USA,14,0.6397488,0
2023,WEU,15,0.637665442,0
2024,AFR,0,0.626595406,0
2024,AUS,1,0.65683231,0
2024,CAN,2,0.682724791,0
2024,CSA,3,0.640688195,0
2024,CHI,4,0.663631386,4.63E-15
2024,EEU,5,0.641700198,0
2024,FSU,6,0.642789213,0
2024,IND,7,0.651149642,0
2024,JPN,8,0.570342343,0
2024,MEX,9,0.639019179,0
2024,MEA,10,0.646866935,0
2024,ODA,11,0.656903637,0
2024,SKO,12,0.548632865,0
2024,UK,13,0.638696832,0.108848199
2024,USA,14,0.638515356,0
2024,WEU,15,0.638648781,0
2025,AFR,0,0.628706797,0
2025,AUS,1,0.657169205,0
2025,CAN,2,0.677399837,0
2025,CSA,3,0.63957526,0
2025,CHI,4,0.663899237,5.78E-15
2025,EEU,5,0.642454235,0
2025,FSU,6,0.643057065,0
2025,IND,7,0.652164063,0
2025,JPN,8,0.576133477,0
2025,MEX,9,0.638063339,0
2025,MEA,10,0.64792632,0
2025,ODA,11,0.657857648,0
2025,SKO,12,0.552197692,0
2025,UK,13,0.639672162,0.090706833
2025,USA,14,0.637281912,0
2025,WEU,15,0.63963212,0
2026,AFR,0,0.630818187,0
2026,AUS,1,0.657506099,0
2026,CAN,2,0.672074883,0
2026,CSA,3,0.638462325,0
2026,CHI,4,0.664167088,6.94E-15
2026,EEU,5,0.643208272,0
2026,FSU,6,0.643324916,0
2026,IND,7,0.653178485,0
2026,JPN,8,0.581924611,0
2026,MEX,9,0.637107499,0
2026,MEA,10,0.648985705,0
2026,ODA,11,0.658811659,0
2026,SKO,12,0.555762519,0
2026,UK,13,0.640647493,0.072565466
2026,USA,14,0.636048467,0
2026,WEU,15,0.640615459,0
2027,AFR,0,0.632929578,0
2027,AUS,1,0.657842994,0
2027,CAN,2,0.666749929,0
2027,CSA,3,0.63734939,0
2027,CHI,4,0.664434939,8.10E-15
2027,EEU,5,0.643962309,0
2027,FSU,6,0.643592767,0
2027,IND,7,0.654192907,0
2027,JPN,8,0.587715744,0
2027,MEX,9,0.636151659,0
2027,MEA,10,0.65004509,0
2027,ODA,11,0.659765671,0
2027,SKO,12,0.559327346,0
2027,UK,13,0.641622824,0.0544241
2027,USA,14,0.634815023,0
2027,WEU,15,0.641598798,0
2028,AFR,0,0.635040968,0
2028,AUS,1,0.658179889,0
2028,CAN,2,0.661424976,0
2028,CSA,3,0.636236454,0
2028,CHI,4,0.66470279,9.25E-15
2028,EEU,5,0.644716346,0
2028,FSU,6,0.643860619,0
2028,IND,7,0.655207328,0
2028,JPN,8,0.593506878,0
2028,MEX,9,0.635195819,0
2028,MEA,10,0.651104476,0
2028,ODA,11,0.660719682,0
2028,SKO,12,0.562892173,0
2028,UK,13,0.642598154,0.036282733
2028,USA,14,0.633581579,0
2028,WEU,15,0.642582137,0
2029,AFR,0,0.637152359,0
2029,AUS,1,0.658516783,0
2029,CAN,2,0.656100022,0
2029,CSA,3,0.635123519,0
2029,CHI,4,0.664970642,1.04E-14
2029,EEU,5,0.645470383,0
2029,FSU,6,0.64412847,0
2029,IND,7,0.65622175,0
2029,JPN,8,0.599298011,0
2029,MEX,9,0.634239978,0
2029,MEA,10,0.652163861,0
2029,ODA,11,0.661673693,0
2029,SKO,12,0.566457,0
2029,UK,13,0.643573485,0.018141367
2029,USA,14,0.632348134,0
2029,WEU,15,0.643565477,0
2030,AFR,0,0.639263749,0
2030,AUS,1,0.658853678,0
2030,CAN,2,0.650775068,0
2030,CSA,3,0.634010584,0
2030,CHI,4,0.665238493,1.16E-14
2030,EEU,5,0.646224419,0
2030,FSU,6,0.644396321,0
2030,IND,7,0.657236172,0
2030,JPN,8,0.605089145,0
2030,MEX,9,0.633284138,0
2030,MEA,10,0.653223246,0
2030,ODA,11,0.662627704,0
2030,SKO,12,0.570021827,0
2030,UK,13,0.644548815,0
2030,USA,14,0.63111469,0
2030,WEU,15,0.644548816,0
2031,AFR,0,0.637431035,0
2031,AUS,1,0.656044736,0
2031,CAN,2,0.648007573,0
2031,CSA,3,0.634381317,0
2031,CHI,4,0.658000701,1.75E-14
2031,EEU,5,0.645541889,0
2031,FSU,6,0.630159622,0
2031,IND,7,0.649863991,0
2031,JPN,8,0.607970337,0
2031,MEX,9,0.631712739,0
2031,MEA,10,0.649954304,0
2031,ODA,11,0.660498688,0
2031,SKO,12,0.576805011,0
2031,UK,13,0.644405381,0
2031,USA,14,0.631067985,0.00E+00
2031,WEU,15,0.644405381,0
2032,AFR,0,0.63559832,0
2032,AUS,1,0.653235793,0
2032,CAN,2,0.645240077,0
2032,CSA,3,0.634752049,0
2032,CHI,4,0.65076291,2.34E-14
2032,EEU,5,0.644859358,0
2032,FSU,6,0.615922922,0
2032,IND,7,0.64249181,0
2032,JPN,8,0.610851529,0
2032,MEX,9,0.630141339,0
2032,MEA,10,0.646685362,0
2032,ODA,11,0.658369671,0
2032,SKO,12,0.583588196,0
2032,UK,13,0.644261947,0
2032,USA,14,0.631021281,0.00E+00
2032,WEU,15,0.644261947,0
2033,AFR,0,0.633765606,0
2033,AUS,1,0.650426851,0
2033,CAN,2,0.642472581,0
2033,CSA,3,0.635122782,0
2033,CHI,4,0.643525118,2.93E-14
2033,EEU,5,0.644176828,0
2033,FSU,6,0.601686223,0
2033,IND,7,0.635119629,0
2033,JPN,8,0.613732721,0
2033,MEX,9,0.62856994,0
2033,MEA,10,0.64341642,0
2033,ODA,11,0.656240654,0
2033,SKO,12,0.590371381,0
2033,UK,13,0.644118513,0
2033,USA,14,0.630974576,0.00E+00
2033,WEU,15,0.644118513,0
2034,AFR,0,0.631932892,0
2034,AUS,1,0.647617909,0
2034,CAN,2,0.639705086,0
2034,CSA,3,0.635493515,0
2034,CHI,4,0.636287327,3.53E-14
2034,EEU,5,0.643494297,0
2034,FSU,6,0.587449524,0
2034,IND,7,0.627747448,0
2034,JPN,8,0.616613913,0
2034,MEX,9,0.62699854,0
2034,MEA,10,0.640147478,0
2034,ODA,11,0.654111637,0
2034,SKO,12,0.597154566,0
2034,UK,13,0.643975078,0
2034,USA,14,0.630927871,0.00E+00
2034,WEU,15,0.643975078,0
2035,AFR,0,0.630100178,0
2035,AUS,1,0.644808967,0
2035,CAN,2,0.63693759,0
2035,CSA,3,0.635864247,0
2035,CHI,4,0.629049535,4.12E-14
2035,EEU,5,0.642811766,0
2035,FSU,6,0.573212824,0
2035,IND,7,0.620375267,0
2035,JPN,8,0.619495105,0
2035,MEX,9,0.625427141,0
2035,MEA,10,0.636878536,0
2035,ODA,11,0.651982621,0
2035,SKO,12,0.60393775,0
2035,UK,13,0.643831644,0
2035,USA,14,0.630881167,0.00E+00
2035,WEU,15,0.643831644,0
2036,AFR,0,0.628267463,0
2036,AUS,1,0.642000024,0
2036,CAN,2,0.634170094,0
2036,CSA,3,0.63623498,0
2036,CHI,4,0.621811744,4.71E-14
2036,EEU,5,0.642129236,0
2036,FSU,6,0.558976125,0
2036,IND,7,0.613003086,0
2036,JPN,8,0.622376297,0
2036,MEX,9,0.623855741,0
2036,MEA,10,0.633609594,0
2036,ODA,11,0.649853604,0
2036,SKO,12,0.610720935,0
2036,UK,13,0.64368821,0
2036,USA,14,0.630834462,0.00E+00
2036,WEU,15,0.64368821,0
2037,AFR,0,0.626434749,0
2037,AUS,1,0.639191082,0
2037,CAN,2,0.631402599,0
2037,CSA,3,0.636605713,0
2037,CHI,4,0.614573952,5.31E-14
2037,EEU,5,0.641446705,0
2037,FSU,6,0.544739426,0
2037,IND,7,0.605630905,0
2037,JPN,8,0.625257489,0
2037,MEX,9,0.622284342,0
2037,MEA,10,0.630340651,0
2037,ODA,11,0.647724587,0
2037,SKO,12,0.61750412,0
2037,UK,13,0.643544776,0
2037,USA,14,0.630787757,0.00E+00
2037,WEU,15,0.643544775,0
2038,AFR,0,0.624602035,0
2038,AUS,1,0.63638214,0
2038,CAN,2,0.628635103,0
2038,CSA,3,0.636976446,0
2038,CHI,4,0.607336161,5.90E-14
2038,EEU,5,0.640764175,0
2038,FSU,6,0.530502727,0
2038,IND,7,0.598258724,0
2038,JPN,8,0.628138681,0
2038,MEX,9,0.620712942,0
2038,MEA,10,0.627071709,0
2038,ODA,11,0.64559557,0
2038,SKO,12,0.624287304,0
2038,UK,13,0.643401341,0
2038,USA,14,0.630741053,0.00E+00
2038,WEU,15,0.643401341,0
2039,AFR,0,0.622769321,0
2039,AUS,1,0.633573198,0
2039,CAN,2,0.625867608,0
2039,CSA,3,0.637347178,0
2039,CHI,4,0.60009837,6.49E-14
2039,EEU,5,0.640081644,0
2039,FSU,6,0.516266027,0
2039,IND,7,0.590886543,0
2039,JPN,8,0.631019873,0
2039,MEX,9,0.619141542,0
2039,MEA,10,0.623802767,0
2039,ODA,11,0.643466554,0
2039,SKO,12,0.631070489,0
2039,UK,13,0.643257907,0
2039,USA,14,0.630694348,0.00E+00
2039,WEU,15,0.643257907,0
2040,AFR,0,0.620936606,0
2040,AUS,1,0.630764255,0
2040,CAN,2,0.623100112,0
2040,CSA,3,0.637717911,0
2040,CHI,4,0.592860578,7.08E-14
2040,EEU,5,0.639399114,0
2040,FSU,6,0.502029328,0
2040,IND,7,0.583514363,0
2040,JPN,8,0.633901065,0
2040,MEX,9,0.617570143,0.00E+00
2040,MEA,10,0.620533825,0
2040,ODA,11,0.641337537,0
2040,SKO,12,0.637853674,0
2040,UK,13,0.643114473,0
2040,USA,14,0.630647643,0.00E+00
2040,WEU,15,0.643114473,0
2041,AFR,0,0.618858674,0
2041,AUS,1,0.630066469,0
2041,CAN,2,0.622411565,0
2041,CSA,3,0.636060736,0
2041,CHI,4,0.583581152,7.59E-14
2041,EEU,5,0.623575228,0
2041,FSU,6,0.479305124,0.00E+00
2041,IND,7,0.580368194,0.00E+00
2041,JPN,8,0.633195218,0
2041,MEX,9,0.612608214,0
2041,MEA,10,0.619842411,0
2041,ODA,11,0.640626701,0.00E+00
2041,SKO,12,0.6364416,0
2041,UK,13,0.644654964,0
2041,USA,14,0.627392749,0.00E+00
2041,WEU,15,0.641056355,0
2042,AFR,0,0.616780741,0
2042,AUS,1,0.629368683,0
2042,CAN,2,0.621723019,0
2042,CSA,3,0.634403561,0
2042,CHI,4,0.574301726,8.10E-14
2042,EEU,5,0.607751342,0
2042,FSU,6,0.45658092,0.00E+00
2042,IND,7,0.577222026,0.00E+00
2042,JPN,8,0.63248937,0
2042,MEX,9,0.607646285,0
2042,MEA,10,0.619150998,0
2042,ODA,11,0.639915864,0.00E+00
2042,SKO,12,0.635029527,0
2042,UK,13,0.646195456,0
2042,USA,14,0.624137855,0.00E+00
2042,WEU,15,0.638998238,0
2043,AFR,0,0.614702809,0
2043,AUS,1,0.628670897,0
2043,CAN,2,0.621034473,0
2043,CSA,3,0.632746386,0
2043,CHI,4,0.565022299,8.61E-14
2043,EEU,5,0.591927456,0
2043,FSU,6,0.433856716,0.00E+00
2043,IND,7,0.574075857,0.00E+00
2043,JPN,8,0.631783522,0
2043,MEX,9,0.602684356,0
2043,MEA,10,0.618459584,0
2043,ODA,11,0.639205028,0.00E+00
2043,SKO,12,0.633617453,0
2043,UK,13,0.647735947,0
2043,USA,14,0.620882961,0.00E+00
2043,WEU,15,0.636940121,0
2044,AFR,0,0.612624876,0
2044,AUS,1,0.627973111,0
2044,CAN,2,0.620345926,0
2044,CSA,3,0.63108921,0
2044,CHI,4,0.555742873,9.12E-14
2044,EEU,5,0.57610357,0
2044,FSU,6,0.411132512,0.00E+00
2044,IND,7,0.570929689,0.00E+00
2044,JPN,8,0.631077675,0
2044,MEX,9,0.597722428,0
2044,MEA,10,0.61776817,0
2044,ODA,11,0.638494192,0.00E+00
2044,SKO,12,0.632205379,0
2044,UK,13,0.649276439,0
2044,USA,14,0.617628067,0.00E+00
2044,WEU,15,0.634882004,0
2045,AFR,0,0.610546943,0
2045,AUS,1,0.627275324,0
2045,CAN,2,0.61965738,0
2045,CSA,3,0.629432035,0
2045,CHI,4,0.546463447,9.63E-14
2045,EEU,5,0.560279684,0
2045,FSU,6,0.388408308,0.00E+00
2045,IND,7,0.567783521,0.00E+00
2045,JPN,8,0.630371827,0
2045,MEX,9,0.592760499,0
2045,MEA,10,0.617076757,0
2045,ODA,11,0.637783356,0.00E+00
2045,SKO,12,0.630793306,0
2045,UK,13,0.65081693,0
2045,USA,14,0.614373173,0.00E+00
2045,WEU,15,0.632823887,0
2046,AFR,0,0.608469011,0
2046,AUS,1,0.626577538,0
2046,CAN,2,0.618968833,0
2046,CSA,3,0.62777486,0
2046,CHI,4,0.53718402,1.01E-13
2046,EEU,5,0.544455798,0
2046,FSU,6,0.365684103,0.00E+00
2046,IND,7,0.564637352,0.00E+00
2046,JPN,8,0.629665979,0
2046,MEX,9,0.58779857,0
2046,MEA,10,0.616385343,0
2046,ODA,11,0.637072519,0.00E+00
2046,SKO,12,0.629381232,0
2046,UK,13,0.652357421,0
2046,USA,14,0.611118279,0.00E+00
2046,WEU,15,0.63076577,0
2047,AFR,0,0.606391078,0
2047,AUS,1,0.625879752,0
2047,CAN,2,0.618280287,0
2047,CSA,3,0.626117685,0
2047,CHI,4,0.527904594,1.06E-13
2047,EEU,5,0.528631912,0
2047,FSU,6,0.342959899,0.00E+00
2047,IND,7,0.561491184,0.00E+00
2047,JPN,8,0.628960132,0
2047,MEX,9,0.582836641,0
2047,MEA,10,0.61569393,0
2047,ODA,11,0.636361683,0.00E+00
2047,SKO,12,0.627969158,0
2047,UK,13,0.653897913,0
2047,USA,14,0.607863386,0.00E+00
2047,WEU,15,0.628707653,0
2048,AFR,0,0.604313146,0
2048,AUS,1,0.625181966,0
2048,CAN,2,0.61759174,0
2048,CSA,3,0.62446051,0
2048,CHI,4,0.518625168,1.12E-13
2048,EEU,5,0.512808026,0
2048,FSU,6,0.320235695,0.00E+00
2048,IND,7,0.558345016,0.00E+00
2048,JPN,8,0.628254284,0
2048,MEX,9,0.577874712,0
2048,MEA,10,0.615002516,0
2048,ODA,11,0.635650847,0.00E+00
2048,SKO,12,0.626557085,0
2048,UK,13,0.655438404,0
2048,USA,14,0.604608492,0.00E+00
2048,WEU,15,0.626649536,0
2049,AFR,0,0.602235213,0
2049,AUS,1,0.62448418,0
2049,CAN,2,0.616903194,0
2049,CSA,3,0.622803335,0
2049,CHI,4,0.509345741,1.17E-13
2049,EEU,5,0.49698414,0
2049,FSU,6,0.297511491,0.00E+00
2049,IND,7,0.555198847,0.00E+00
2049,JPN,8,0.627548436,0
2049,MEX,9,0.572912783,0
2049,MEA,10,0.614311102,0
2049,ODA,11,0.63494001,0.00E+00
2049,SKO,12,0.625145011,0
2049,UK,13,0.656978896,0
2049,USA,14,0.601353598,0.00E+00
2049,WEU,15,0.624591419,0
2050,AFR,0,0.600157281,0
2050,AUS,1,0.623786394,0
2050,CAN,2,0.616214647,0
2050,CSA,3,0.62114616,0
2050,CHI,4,0.500066315,1.22E-13
2050,EEU,5,0.481160254,0
2050,FSU,6,0.274787287,0.00E+00
2050,IND,7,0.552052679,0.00E+00
2050,JPN,8,0.626842589,0
2050,MEX,9,0.567950855,0
2050,MEA,10,0.613619689,0
2050,ODA,11,0.634229174,0.00E+00
2050,SKO,12,0.623732938,0
2050,UK,13,0.658519387,0
2050,USA,14,0.598098704,0.00E+00
2050,WEU,15,0.622533301,0
2051,AFR,0,0.607995129,0
2051,AUS,1,0.629083789,0
2051,CAN,2,0.621517366,0
2051,CSA,3,0.626942307,0
2051,CHI,4,0.500681487,1.28E-13
2051,EEU,5,0.474391255,0
2051,FSU,6,0.280433498,0.00E+00
2051,IND,7,0.559477156,0.00E+00
2051,JPN,8,0.632137425,0
2051,MEX,9,0.561412274,0
2051,MEA,10,0.621411155,0
2051,ODA,11,0.642098254,0.00E+00
2051,SKO,12,0.627493671,0
2051,UK,13,0.658358443,0
2051,USA,14,0.588614206,0.00E+00
2051,WEU,15,0.628439665,0
2052,AFR,0,0.615832977,0
2052,AUS,1,0.634381185,0
2052,CAN,2,0.626820084,0
2052,CSA,3,0.632738455,0
2052,CHI,4,0.501296658,1.34E-13
2052,EEU,5,0.467622255,0
2052,FSU,6,0.286079709,0.00E+00
2052,IND,7,0.566901633,0.00E+00
2052,JPN,8,0.63743226,0
2052,MEX,9,0.554873693,0
2052,MEA,10,0.629202622,0
2052,ODA,11,0.649967334,0.00E+00
2052,SKO,12,0.631254404,0
2052,UK,13,0.658197498,0
2052,USA,14,0.579129708,0.00E+00
2052,WEU,15,0.634346029,0
2053,AFR,0,0.623670825,0
2053,AUS,1,0.639678581,0
2053,CAN,2,0.632122802,0
2053,CSA,3,0.638534603,0
2053,CHI,4,0.50191183,1.40E-13
2053,EEU,5,0.460853255,0
2053,FSU,6,0.29172592,0.00E+00
2053,IND,7,0.57432611,0.00E+00
2053,JPN,8,0.642727096,0
2053,MEX,9,0.548335112,0
2053,MEA,10,0.636994089,0
2053,ODA,11,0.657836413,0.00E+00
2053,SKO,12,0.635015137,0
2053,UK,13,0.658036553,0
2053,USA,14,0.56964521,0.00E+00
2053,WEU,15,0.640252393,0
2054,AFR,0,0.631508674,0
2054,AUS,1,0.644975976,0
2054,CAN,2,0.637425521,0
2054,CSA,3,0.64433075,0
2054,CHI,4,0.502527001,1.47E-13
2054,EEU,5,0.454084255,0
2054,FSU,6,0.29737213,0.00E+00
2054,IND,7,0.581750586,0.00E+00
2054,JPN,8,0.648021932,0
2054,MEX,9,0.541796531,0
2054,MEA,10,0.644785555,0
2054,ODA,11,0.665705493,0.00E+00
2054,SKO,12,0.63877587,0
2054,UK,13,0.657875608,0
2054,USA,14,0.560160712,0.00E+00
2054,WEU,15,0.646158757,0
2055,AFR,0,0.639346522,0
2055,AUS,1,0.650273372,0
2055,CAN,2,0.642728239,0
2055,CSA,3,0.650126898,0
2055,CHI,4,0.503142173,1.53E-13
2055,EEU,5,0.447315255,0
2055,FSU,6,0.303018341,0.00E+00
2055,IND,7,0.589175063,0.00E+00
2055,JPN,8,0.653316768,0
2055,MEX,9,0.53525795,0
2055,MEA,10,0.652577022,0
2055,ODA,11,0.673574572,0.00E+00
2055,SKO,12,0.642536603,0
2055,UK,13,0.657714664,0
2055,USA,14,0.550676214,0.00E+00
2055,WEU,15,0.652065121,0
2056,AFR,0,0.64718437,0
2056,AUS,1,0.655570767,0
2056,CAN,2,0.648030957,0
2056,CSA,3,0.655923045,0
2056,CHI,4,0.503757344,1.59E-13
2056,EEU,5,0.440546255,0
2056,FSU,6,0.308664552,0.00E+00
2056,IND,7,0.59659954,0.00E+00
2056,JPN,8,0.658611604,0
2056,MEX,9,0.528719369,0
2056,MEA,10,0.660368489,0
2056,ODA,11,0.681443652,0.00E+00
2056,SKO,12,0.646297336,0
2056,UK,13,0.657553719,0
2056,USA,14,0.541191716,0.00E+00
2056,WEU,15,0.657971485,0
2057,AFR,0,0.655022218,0
2057,AUS,1,0.660868163,0
2057,CAN,2,0.653333676,0
2057,CSA,3,0.661719193,0
2057,CHI,4,0.504372516,1.65E-13
2057,EEU,5,0.433777256,0
2057,FSU,6,0.314310763,0.00E+00
2057,IND,7,0.604024017,0.00E+00
2057,JPN,8,0.66390644,0
2057,MEX,9,0.522180788,0
2057,MEA,10,0.668159955,0
2057,ODA,11,0.689312732,0.00E+00
2057,SKO,12,0.650058069,0
2057,UK,13,0.657392774,0
2057,USA,14,0.531707218,0.00E+00
2057,WEU,15,0.663877849,0
2058,AFR,0,0.662860067,0
2058,AUS,1,0.666165559,0
2058,CAN,2,0.658636394,0
2058,CSA,3,0.667515341,0
2058,CHI,4,0.504987687,1.72E-13
2058,EEU,5,0.427008256,0
2058,FSU,6,0.319956974,0.00E+00
2058,IND,7,0.611448494,0.00E+00
2058,JPN,8,0.669201276,0
2058,MEX,9,0.515642207,0
2058,MEA,10,0.675951422,0
2058,ODA,11,0.697181811,0.00E+00
2058,SKO,12,0.653818802,0
2058,UK,13,0.657231829,0
2058,USA,14,0.52222272,0.00E+00
2058,WEU,15,0.669784212,0
2059,AFR,0,0.670697915,0
2059,AUS,1,0.671462954,0
2059,CAN,2,0.663939112,0
2059,CSA,3,0.673311488,0
2059,CHI,4,0.505602859,1.78E-13
2059,EEU,5,0.420239256,0
2059,FSU,6,0.325603185,0.00E+00
2059,IND,7,0.618872971,0.00E+00
2059,JPN,8,0.674496112,0
2059,MEX,9,0.509103627,0
2059,MEA,10,0.683742889,0
2059,ODA,11,0.705050891,0.00E+00
2059,SKO,12,0.657579535,0
2059,UK,13,0.657070885,0
2059,USA,14,0.512738222,0.00E+00
2059,WEU,15,0.675690576,0
2060,AFR,0,0.678535763,0
2060,AUS,1,0.67676035,0
2060,CAN,2,0.66924183,0
2060,CSA,3,0.679107636,0
2060,CHI,4,0.50621803,1.84E-13
2060,EEU,5,0.413470256,0
2060,FSU,6,0.331249396,0.00E+00
2060,IND,7,0.626297448,0.00E+00
2060,JPN,8,0.679790947,0
2060,MEX,9,0.502565046,0
2060,MEA,10,0.691534355,0
2060,ODA,11,0.712919971,0.00E+00
2060,SKO,12,0.661340268,0
2060,UK,13,0.65690994,0
2060,USA,14,0.503253724,0.00E+00
2060,WEU,15,0.68159694,0
2061,AFR,0,0.686354947,0
2061,AUS,1,0.682666783,0
2061,CAN,2,0.673400686,0
2061,CSA,3,0.685801774,0
2061,CHI,4,0.505809728,1.77E-13
2061,EEU,5,0.421902998,0
2061,FSU,6,0.333239873,0.00E+00
2061,IND,7,0.631962664,0.00E+00
2061,JPN,8,0.686263964,0
2061,MEX,9,0.504199163,0
2061,MEA,10,0.699430096,0
2061,ODA,11,0.722572175,0.00E+00
2061,SKO,12,0.666854223,0
2061,UK,13,0.662572474,0
2061,USA,14,0.508585369,0.00E+00
2061,WEU,15,0.686336604,0
2062,AFR,0,0.694174132,0
2062,AUS,1,0.688573216,0
2062,CAN,2,0.677559541,0
2062,CSA,3,0.692495912,0
2062,CHI,4,0.505401426,1.70E-13
2062,EEU,5,0.43033574,0
2062,FSU,6,0.33523035,0.00E+00
2062,IND,7,0.637627881,0.00E+00
2062,JPN,8,0.692736981,0
2062,MEX,9,0.505833281,0
2062,MEA,10,0.707325836,0
2062,ODA,11,0.73222438,0.00E+00
2062,SKO,12,0.672368179,0
2062,UK,13,0.668235007,0
2062,USA,14,0.513917014,0.00E+00
2062,WEU,15,0.691076267,0
2063,AFR,0,0.701993316,0
2063,AUS,1,0.694479649,0
2063,CAN,2,0.681718396,0
2063,CSA,3,0.69919005,0
2063,CHI,4,0.504993124,1.63E-13
2063,EEU,5,0.438768482,0
2063,FSU,6,0.337220827,0.00E+00
2063,IND,7,0.643293097,0.00E+00
2063,JPN,8,0.699209999,0
2063,MEX,9,0.507467399,0
2063,MEA,10,0.715221577,0
2063,ODA,11,0.741876584,0.00E+00
2063,SKO,12,0.677882134,0
2063,UK,13,0.673897541,0
2063,USA,14,0.51924866,0.00E+00
2063,WEU,15,0.695815931,0
2064,AFR,0,0.7098125,0
2064,AUS,1,0.700386082,0
2064,CAN,2,0.685877251,0
2064,CSA,3,0.705884188,0
2064,CHI,4,0.504584822,1.55E-13
2064,EEU,5,0.447201224,0
2064,FSU,6,0.339211304,0.00E+00
2064,IND,7,0.648958314,0.00E+00
2064,JPN,8,0.705683016,0
2064,MEX,9,0.509101516,0
2064,MEA,10,0.723117317,0
2064,ODA,11,0.751528788,0.00E+00
2064,SKO,12,0.683396089,0
2064,UK,13,0.679560075,0
2064,USA,14,0.524580305,0.00E+00
2064,WEU,15,0.700555595,0
2065,AFR,0,0.717631685,0
2065,AUS,1,0.706292515,0
2065,CAN,2,0.690036106,0
2065,CSA,3,0.712578326,0
2065,CHI,4,0.50417652,1.48E-13
2065,EEU,5,0.455633966,0
2065,FSU,6,0.341201781,0.00E+00
2065,IND,7,0.65462353,0.00E+00
2065,JPN,8,0.712156033,0
2065,MEX,9,0.510735634,0
2065,MEA,10,0.731013058,0
2065,ODA,11,0.761180993,0.00E+00
2065,SKO,12,0.688910045,0
2065,UK,13,0.685222609,0
2065,USA,14,0.52991195,0.00E+00
2065,WEU,15,0.705295258,0
2066,AFR,0,0.725450869,0
2066,AUS,1,0.712198948,0
2066,CAN,2,0.694194961,0
2066,CSA,3,0.719272464,0
2066,CHI,4,0.503768217,1.41E-13
2066,EEU,5,0.464066708,0
2066,FSU,6,0.343192258,0.00E+00
2066,IND,7,0.660288747,0.00E+00
2066,JPN,8,0.71862905,0
2066,MEX,9,0.512369752,0
2066,MEA,10,0.738908798,0
2066,ODA,11,0.770833197,0.00E+00
2066,SKO,12,0.694424,0
2066,UK,13,0.690885143,0
2066,USA,14,0.535243596,0.00E+00
2066,WEU,15,0.710034922,0
2067,AFR,0,0.733270053,0
2067,AUS,1,0.718105381,0
2067,CAN,2,0.698353816,0
2067,CSA,3,0.725966602,0
2067,CHI,4,0.503359915,1.34E-13
2067,EEU,5,0.47249945,0
2067,FSU,6,0.345182736,0.00E+00
2067,IND,7,0.665953963,0.00E+00
2067,JPN,8,0.725102067,0
2067,MEX,9,0.514003869,0
2067,MEA,10,0.746804539,0
2067,ODA,11,0.780485402,0.00E+00
2067,SKO,12,0.699937955,0
2067,UK,13,0.696547677,0
2067,USA,14,0.540575241,0.00E+00
2067,WEU,15,0.714774585,0
2068,AFR,0,0.741089238,0
2068,AUS,1,0.724011814,0
2068,CAN,2,0.702512671,0
2068,CSA,3,0.73266074,0
2068,CHI,4,0.502951613,1.27E-13
2068,EEU,5,0.480932192,0
2068,FSU,6,0.347173213,0.00E+00
2068,IND,7,0.67161918,0.00E+00
2068,JPN,8,0.731575084,0
2068,MEX,9,0.515637987,0
2068,MEA,10,0.754700279,0
2068,ODA,11,0.790137606,0.00E+00
2068,SKO,12,0.705451911,0
2068,UK,13,0.70221021,0
2068,USA,14,0.545906886,0.00E+00
2068,WEU,15,0.719514249,0
2069,AFR,0,0.748908422,0
2069,AUS,1,0.729918247,0
2069,CAN,2,0.706671527,0
2069,CSA,3,0.739354878,0
2069,CHI,4,0.502543311,1.20E-13
2069,EEU,5,0.489364935,0
2069,FSU,6,0.34916369,0.00E+00
2069,IND,7,0.677284396,0.00E+00
2069,JPN,8,0.738048101,0
2069,MEX,9,0.517272105,0
2069,MEA,10,0.76259602,0
2069,ODA,11,0.79978981,0.00E+00
2069,SKO,12,0.710965866,0
2069,UK,13,0.707872744,0
2069,USA,14,0.551238531,0.00E+00
2069,WEU,15,0.724253912,0
2070,AFR,0,0.756727606,0
2070,AUS,1,0.735824679,0
2070,CAN,2,0.710830382,0
2070,CSA,3,0.746049016,0
2070,CHI,4,0.502135009,1.13E-13
2070,EEU,5,0.497797677,0
2070,FSU,6,0.351154167,0.00E+00
2070,IND,7,0.682949613,0.00E+00
2070,JPN,8,0.744521118,0
2070,MEX,9,0.518906222,0
2070,MEA,10,0.77049176,0
2070,ODA,11,0.809442015,0.00E+00
2070,SKO,12,0.716479822,0
2070,UK,13,0.713535278,0
2070,USA,14,0.556570177,0.00E+00
2070,WEU,15,0.728993576,0
2071,AFR,0,0.766048453,0
2071,AUS,1,0.742376634,0
2071,CAN,2,0.71509259,0
2071,CSA,3,0.753477126,0
2071,CHI,4,0.509842845,1.18E-13
2071,EEU,5,0.494287379,0
2071,FSU,6,0.353251981,0.00E+00
2071,IND,7,0.68811662,0.00E+00
2071,JPN,8,0.751384959,0
2071,MEX,9,0.528076693,0
2071,MEA,10,0.772873258,0.00E+00
2071,ODA,11,0.814037871,0.00E+00
2071,SKO,12,0.719330224,0
2071,UK,13,0.716824815,0
2071,USA,14,0.558611208,3.10E-15
2071,WEU,15,0.732886905,0
2072,AFR,0,0.775369299,0
2072,AUS,1,0.748928588,0
2072,CAN,2,0.719354798,0
2072,CSA,3,0.760905235,0
2072,CHI,4,0.51755068,1.22E-13
2072,EEU,5,0.490777081,0
2072,FSU,6,0.355349796,0.00E+00
2072,IND,7,0.693283626,0.00E+00
2072,JPN,8,0.7582488,0
2072,MEX,9,0.537247163,0
2072,MEA,10,0.775254755,0.00E+00
2072,ODA,11,0.818633727,0.00E+00
2072,SKO,12,0.722180626,0
2072,UK,13,0.720114352,0
2072,USA,14,0.560652238,6.19E-15
2072,WEU,15,0.736780234,0
2073,AFR,0,0.784690145,0
2073,AUS,1,0.755480543,0
2073,CAN,2,0.723617006,0
2073,CSA,3,0.768333345,0
2073,CHI,4,0.525258516,1.27E-13
2073,EEU,5,0.487266783,0
2073,FSU,6,0.35744761,0.00E+00
2073,IND,7,0.698450633,0.00E+00
2073,JPN,8,0.765112641,0
2073,MEX,9,0.546417634,0
2073,MEA,10,0.777636252,0.00E+00
2073,ODA,11,0.823229583,0.00E+00
2073,SKO,12,0.725031028,0
2073,UK,13,0.723403889,0
2073,USA,14,0.562693269,9.29E-15
2073,WEU,15,0.740673562,0
2074,AFR,0,0.794010991,0
2074,AUS,1,0.762032497,0
2074,CAN,2,0.727879214,0
2074,CSA,3,0.775761454,0
2074,CHI,4,0.532966352,1.32E-13
2074,EEU,5,0.483756486,0
2074,FSU,6,0.359545424,0.00E+00
2074,IND,7,0.70361764,0.00E+00
2074,JPN,8,0.771976482,0
2074,MEX,9,0.555588105,0
2074,MEA,10,0.78001775,0.00E+00
2074,ODA,11,0.827825439,0.00E+00
2074,SKO,12,0.72788143,0
2074,UK,13,0.726693426,0
2074,USA,14,0.5647343,1.24E-14
2074,WEU,15,0.744566891,0
2075,AFR,0,0.803331837,0
2075,AUS,1,0.768584451,0
2075,CAN,2,0.732141422,0
2075,CSA,3,0.783189564,0
2075,CHI,4,0.540674187,1.37E-13
2075,EEU,5,0.480246188,0
2075,FSU,6,0.361643239,0.00E+00
2075,IND,7,0.708784647,0.00E+00
2075,JPN,8,0.778840323,0
2075,MEX,9,0.564758575,0
2075,MEA,10,0.782399247,0.00E+00
2075,ODA,11,0.832421295,0.00E+00
2075,SKO,12,0.730731832,0
2075,UK,13,0.729982963,0
2075,USA,14,0.566775331,1.55E-14
2075,WEU,15,0.74846022,0
2076,AFR,0,0.812652684,0
2076,AUS,1,0.775136406,0
2076,CAN,2,0.73640363,0
2076,CSA,3,0.790617673,0
2076,CHI,4,0.548382023,1.42E-13
2076,EEU,5,0.47673589,0
2076,FSU,6,0.363741053,0.00E+00
2076,IND,7,0.713951654,0.00E+00
2076,JPN,8,0.785704164,0
2076,MEX,9,0.573929046,0
2076,MEA,10,0.784780744,0.00E+00
2076,ODA,11,0.837017151,0.00E+00
2076,SKO,12,0.733582235,0
2076,UK,13,0.7332725,0
2076,USA,14,0.568816362,1.86E-14
2076,WEU,15,0.752353549,0
2077,AFR,0,0.82197353,0
2077,AUS,1,0.78168836,0
2077,CAN,2,0.740665838,0
2077,CSA,3,0.798045783,0
2077,CHI,4,0.556089859,1.47E-13
2077,EEU,5,0.473225593,0
2077,FSU,6,0.365838868,0.00E+00
2077,IND,7,0.719118661,0.00E+00
2077,JPN,8,0.792568005,0
2077,MEX,9,0.583099516,0
2077,MEA,10,0.787162242,0.00E+00
2077,ODA,11,0.841613007,0.00E+00
2077,SKO,12,0.736432637,0
2077,UK,13,0.736562038,0
2077,USA,14,0.570857393,2.17E-14
2077,WEU,15,0.756246878,0
2078,AFR,0,0.831294376,0
2078,AUS,1,0.788240315,0
2078,CAN,2,0.744928046,0
2078,CSA,3,0.805473893,0
2078,CHI,4,0.563797694,1.52E-13
2078,EEU,5,0.469715295,0
2078,FSU,6,0.367936682,0.00E+00
2078,IND,7,0.724285668,0.00E+00
2078,JPN,8,0.799431846,0
2078,MEX,9,0.592269987,0
2078,MEA,10,0.789543739,0.00E+00
2078,ODA,11,0.846208864,0.00E+00
2078,SKO,12,0.739283039,0
2078,UK,13,0.739851575,0
2078,USA,14,0.572898424,2.48E-14
2078,WEU,15,0.760140207,0
2079,AFR,0,0.840615222,0
2079,AUS,1,0.794792269,0
2079,CAN,2,0.749190254,0
2079,CSA,3,0.812902002,0
2079,CHI,4,0.57150553,1.57E-13
2079,EEU,5,0.466204997,0
2079,FSU,6,0.370034496,0.00E+00
2079,IND,7,0.729452675,0.00E+00
2079,JPN,8,0.806295687,0
2079,MEX,9,0.601440458,0
2079,MEA,10,0.791925236,0.00E+00
2079,ODA,11,0.85080472,0.00E+00
2079,SKO,12,0.742133441,0
2079,UK,13,0.743141112,0
2079,USA,14,0.574939455,2.79E-14
2079,WEU,15,0.764033535,0
2080,AFR,0,0.849936068,0
2080,AUS,1,0.801344223,0
2080,CAN,2,0.753452462,0
2080,CSA,3,0.820330112,0
2080,CHI,4,0.579213366,1.62E-13
2080,EEU,5,0.462694699,0
2080,FSU,6,0.372132311,0.00E+00
2080,IND,7,0.734619681,0.00E+00
2080,JPN,8,0.813159529,0
2080,MEX,9,0.610610928,0
2080,MEA,10,0.794306733,0.00E+00
2080,ODA,11,0.855400576,0.00E+00
2080,SKO,12,0.744983843,0
2080,UK,13,0.746430649,0
2080,USA,14,0.576980486,3.10E-14
2080,WEU,15,0.767926864,0
2081,AFR,0,0.856788993,0.00E+00
2081,AUS,1,0.807972045,0
2081,CAN,2,0.760947947,0
2081,CSA,3,0.824957203,0
2081,CHI,4,0.588854052,1.66E-13
2081,EEU,5,0.461033253,0
2081,FSU,6,0.374565605,0.00E+00
2081,IND,7,0.740400763,0.00E+00
2081,JPN,8,0.817390988,0
2081,MEX,9,0.600172068,0
2081,MEA,10,0.799204622,0.00E+00
2081,ODA,11,0.858409803,7.84E-16
2081,SKO,12,0.752053509,0
2081,UK,13,0.750913326,0
2081,USA,14,0.57600491,3.82E-14
2081,WEU,15,0.771885542,0
2082,AFR,0,0.863641917,0.00E+00
2082,AUS,1,0.814599866,0
2082,CAN,2,0.768443432,0
2082,CSA,3,0.829584295,0
2082,CHI,4,0.598494739,1.70E-13
2082,EEU,5,0.459371806,0
2082,FSU,6,0.3769989,0.00E+00
2082,IND,7,0.746181844,0.00E+00
2082,JPN,8,0.821622447,0
2082,MEX,9,0.589733208,0
2082,MEA,10,0.80410251,0.00E+00
2082,ODA,11,0.86141903,1.57E-15
2082,SKO,12,0.759123175,0
2082,UK,13,0.755396004,0
2082,USA,14,0.575029334,4.54E-14
2082,WEU,15,0.77584422,0
2083,AFR,0,0.870494842,0.00E+00
2083,AUS,1,0.821227687,0
2083,CAN,2,0.775938917,0
2083,CSA,3,0.834211387,0
2083,CHI,4,0.608135425,1.74E-13
2083,EEU,5,0.45771036,0
2083,FSU,6,0.379432195,0.00E+00
2083,IND,7,0.751962925,0.00E+00
2083,JPN,8,0.825853907,0
2083,MEX,9,0.579294348,0
2083,MEA,10,0.809000399,0.00E+00
2083,ODA,11,0.864428257,2.35E-15
2083,SKO,12,0.766192841,0
2083,UK,13,0.759878681,0
2083,USA,14,0.574053758,5.26E-14
2083,WEU,15,0.779802898,0
2084,AFR,0,0.877347767,0.00E+00
2084,AUS,1,0.827855508,0
2084,CAN,2,0.783434402,0
2084,CSA,3,0.838838479,0
2084,CHI,4,0.617776112,1.78E-13
2084,EEU,5,0.456048913,0
2084,FSU,6,0.38186549,0.00E+00
2084,IND,7,0.757744006,0.00E+00
2084,JPN,8,0.830085366,0
2084,MEX,9,0.568855488,0
2084,MEA,10,0.813898287,0.00E+00
2084,ODA,11,0.867437485,3.14E-15
2084,SKO,12,0.773262507,0
2084,UK,13,0.764361359,0
2084,USA,14,0.573078182,5.98E-14
2084,WEU,15,0.783761576,0
2085,AFR,0,0.884200691,0.00E+00
2085,AUS,1,0.83448333,0
2085,CAN,2,0.790929887,0
2085,CSA,3,0.84346557,0
2085,CHI,4,0.627416798,1.83E-13
2085,EEU,5,0.454387466,0
2085,FSU,6,0.384298784,0.00E+00
2085,IND,7,0.763525088,0.00E+00
2085,JPN,8,0.834316825,0
2085,MEX,9,0.558416628,0
2085,MEA,10,0.818796176,0.00E+00
2085,ODA,11,0.870446712,3.92E-15
2085,SKO,12,0.780332173,0
2085,UK,13,0.768844036,0
2085,USA,14,0.572102606,6.70E-14
2085,WEU,15,0.787720254,0
2086,AFR,0,0.891053616,0.00E+00
2086,AUS,1,0.841111151,0
2086,CAN,2,0.798425373,0
2086,CSA,3,0.848092662,0
2086,CHI,4,0.637057484,1.87E-13
2086,EEU,5,0.45272602,0
2086,FSU,6,0.386732079,0.00E+00
2086,IND,7,0.769306169,0.00E+00
2086,JPN,8,0.838548285,0
2086,MEX,9,0.547977768,0
2086,MEA,10,0.823694064,0.00E+00
2086,ODA,11,0.873455939,4.70E-15
2086,SKO,12,0.787401839,0
2086,UK,13,0.773326714,0
2086,USA,14,0.57112703,7.42E-14
2086,WEU,15,0.791678932,0
2087,AFR,0,0.89790654,0.00E+00
2087,AUS,1,0.847738972,0
2087,CAN,2,0.805920858,0
2087,CSA,3,0.852719754,0
2087,CHI,4,0.646698171,1.91E-13
2087,EEU,5,0.451064573,0
2087,FSU,6,0.389165374,0.00E+00
2087,IND,7,0.77508725,0.00E+00
2087,JPN,8,0.842779744,0
2087,MEX,9,0.537538908,0
2087,MEA,10,0.828591953,0.00E+00
2087,ODA,11,0.876465166,5.49E-15
2087,SKO,12,0.794471504,0
2087,UK,13,0.777809391,0
2087,USA,14,0.570151454,8.14E-14
2087,WEU,15,0.79563761,0
2088,AFR,0,0.904759465,0.00E+00
2088,AUS,1,0.854366793,0
2088,CAN,2,0.813416343,0
2088,CSA,3,0.857346846,0
2088,CHI,4,0.656338857,1.95E-13
2088,EEU,5,0.449403126,0
2088,FSU,6,0.391598668,0.00E+00
2088,IND,7,0.780868331,0.00E+00
2088,JPN,8,0.847011203,0
2088,MEX,9,0.527100047,0
2088,MEA,10,0.833489841,0.00E+00
2088,ODA,11,0.879474393,6.27E-15
2088,SKO,12,0.80154117,0
2088,UK,13,0.782292069,0
2088,USA,14,0.569175878,8.86E-14
2088,WEU,15,0.799596288,0
2089,AFR,0,0.911612389,0.00E+00
2089,AUS,1,0.860994615,0
2089,CAN,2,0.820911828,0
2089,CSA,3,0.861973937,0
2089,CHI,4,0.665979544,1.99E-13
2089,EEU,5,0.44774168,0
2089,FSU,6,0.394031963,0.00E+00
2089,IND,7,0.786649412,0.00E+00
2089,JPN,8,0.851242663,0
2089,MEX,9,0.516661187,0
2089,MEA,10,0.838387729,0.00E+00
2089,ODA,11,0.882483621,7.06E-15
2089,SKO,12,0.808610836,0
2089,UK,13,0.786774746,0
2089,USA,14,0.568200302,9.58E-14
2089,WEU,15,0.803554966,0
2090,AFR,0,0.918465314,0.00E+00
2090,AUS,1,0.867622436,0
2090,CAN,2,0.828407313,0
2090,CSA,3,0.866601029,0
2090,CHI,4,0.67562023,2.03E-13
2090,EEU,5,0.446080233,0.00E+00
2090,FSU,6,0.396465258,0.00E+00
2090,IND,7,0.792430494,0.00E+00
2090,JPN,8,0.855474122,0
2090,MEX,9,0.506222327,0
2090,MEA,10,0.843285618,0.00E+00
2090,ODA,11,0.885492848,7.84E-15
2090,SKO,12,0.815680502,0.00E+00
2090,UK,13,0.791257424,0
2090,USA,14,0.567224726,1.03E-13
2090,WEU,15,0.807513644,0
2091,AFR,0,0.922584783,0.00E+00
2091,AUS,1,0.872061339,0
2091,CAN,2,0.828197338,0
2091,CSA,3,0.869194252,0
2091,CHI,4,0.681651654,2.10E-13
2091,EEU,5,0.451343295,0
2091,FSU,6,0.396956294,0.00E+00
2091,IND,7,0.794439279,0.00E+00
2091,JPN,8,0.860329299,0
2091,MEX,9,0.513755591,0
2091,MEA,10,0.847568907,0.00E+00
2091,ODA,11,0.886944082,1.45E-14
2091,SKO,12,0.815918087,0
2091,UK,13,0.793991885,0
2091,USA,14,0.570518319,1.12E-13
2091,WEU,15,0.811949287,0
2092,AFR,0,0.926704253,0.00E+00
2092,AUS,1,0.876500242,0
2092,CAN,2,0.827987362,0
2092,CSA,3,0.871787475,0
2092,CHI,4,0.687683077,2.18E-13
2092,EEU,5,0.456606357,0
2092,FSU,6,0.397447331,0.00E+00
2092,IND,7,0.796448065,0.00E+00
2092,JPN,8,0.865184477,0
2092,MEX,9,0.521288854,0
2092,MEA,10,0.851852197,0.00E+00
2092,ODA,11,0.888395315,2.11E-14
2092,SKO,12,0.816155673,0
2092,UK,13,0.796726345,0
2092,USA,14,0.573811912,1.21E-13
2092,WEU,15,0.81638493,0
2093,AFR,0,0.930823723,0.00E+00
2093,AUS,1,0.880939145,0
2093,CAN,2,0.827777387,0
2093,CSA,3,0.874380698,0
2093,CHI,4,0.6937145,2.25E-13
2093,EEU,5,0.46186942,0
2093,FSU,6,0.397938367,0.00E+00
2093,IND,7,0.798456851,0.00E+00
2093,JPN,8,0.870039654,0
2093,MEX,9,0.528822118,0
2093,MEA,10,0.856135487,0.00E+00
2093,ODA,11,0.889846549,2.78E-14
2093,SKO,12,0.816393258,0
2093,UK,13,0.799460806,0
2093,USA,14,0.577105505,1.30E-13
2093,WEU,15,0.820820573,0
2094,AFR,0,0.934943192,0.00E+00
2094,AUS,1,0.885378049,0
2094,CAN,2,0.827567412,0
2094,CSA,3,0.876973921,0
2094,CHI,4,0.699745924,2.32E-13
2094,EEU,5,0.467132482,0
2094,FSU,6,0.398429404,0.00E+00
2094,IND,7,0.800465637,0.00E+00
2094,JPN,8,0.874894831,0
2094,MEX,9,0.536355381,0
2094,MEA,10,0.860418776,0.00E+00
2094,ODA,11,0.891297783,3.44E-14
2094,SKO,12,0.816630844,0
2094,UK,13,0.802195267,0
2094,USA,14,0.580399098,1.39E-13
2094,WEU,15,0.825256216,0
2095,AFR,0,0.939062662,0.00E+00
2095,AUS,1,0.889816952,0
2095,CAN,2,0.827357436,0
2095,CSA,3,0.879567144,0
2095,CHI,4,0.705777347,2.39E-13
2095,EEU,5,0.472395544,0
2095,FSU,6,0.398920441,0.00E+00
2095,IND,7,0.802474422,0.00E+00
2095,JPN,8,0.879750008,0
2095,MEX,9,0.543888645,0
2095,MEA,10,0.864702066,0.00E+00
2095,ODA,11,0.892749017,4.11E-14
2095,SKO,12,0.816868429,0
2095,UK,13,0.804929727,0
2095,USA,14,0.583692691,1.48E-13
2095,WEU,15,0.829691859,0
2096,AFR,0,0.943182131,0.00E+00
2096,AUS,1,0.894255855,0
2096,CAN,2,0.827147461,0
2096,CSA,3,0.882160367,0
2096,CHI,4,0.71180877,2.47E-13
2096,EEU,5,0.477658606,0
2096,FSU,6,0.399411477,0.00E+00
2096,IND,7,0.804483208,0.00E+00
2096,JPN,8,0.884605186,0
2096,MEX,9,0.551421908,0
2096,MEA,10,0.868985355,0.00E+00
2096,ODA,11,0.894200251,4.77E-14
2096,SKO,12,0.817106015,0
2096,UK,13,0.807664188,0
2096,USA,14,0.586986284,1.57E-13
2096,WEU,15,0.834127502,0
2097,AFR,0,0.947301601,0.00E+00
2097,AUS,1,0.898694758,0
2097,CAN,2,0.826937486,0
2097,CSA,3,0.88475359,0
2097,CHI,4,0.717840194,2.54E-13
2097,EEU,5,0.482921668,0
2097,FSU,6,0.399902514,0.00E+00
2097,IND,7,0.806491994,0.00E+00
2097,JPN,8,0.889460363,0
2097,MEX,9,0.558955172,0
2097,MEA,10,0.873268645,0.00E+00
2097,ODA,11,0.895651485,5.44E-14
2097,SKO,12,0.8173436,0
2097,UK,13,0.810398649,0
2097,USA,14,0.590279877,1.66E-13
2097,WEU,15,0.838563145,0
2098,AFR,0,0.95142107,0.00E+00
2098,AUS,1,0.903133661,0
2098,CAN,2,0.82672751,0
2098,CSA,3,0.887346813,0
2098,CHI,4,0.723871617,2.61E-13
2098,EEU,5,0.48818473,0
2098,FSU,6,0.40039355,0.00E+00
2098,IND,7,0.80850078,0.00E+00
2098,JPN,8,0.89431554,0
2098,MEX,9,0.566488435,0
2098,MEA,10,0.877551934,0.00E+00
2098,ODA,11,0.897102718,6.10E-14
2098,SKO,12,0.817581186,0
2098,UK,13,0.81313311,0
2098,USA,14,0.59357347,1.76E-13
2098,WEU,15,0.842998788,0
2099,AFR,0,0.95554054,0.00E+00
2099,AUS,1,0.907572564,0
2099,CAN,2,0.826517535,0
2099,CSA,3,0.889940036,0
2099,CHI,4,0.72990304,2.68E-13
2099,EEU,5,0.493447792,0
2099,FSU,6,0.400884587,0.00E+00
2099,IND,7,0.810509565,0.00E+00
2099,JPN,8,0.899170717,0
2099,MEX,9,0.574021699,0
2099,MEA,10,0.881835224,0.00E+00
2099,ODA,11,0.898553952,6.76E-14
2099,SKO,12,0.817818771,0
2099,UK,13,0.81586757,0
2099,USA,14,0.596867063,1.85E-13
2099,WEU,15,0.847434431,0
2100,AFR,0,0.959660009,0.00E+00
2100,AUS,1,0.912011468,0
2100,CAN,2,0.82630756,0
2100,CSA,3,0.892533259,0
2100,CHI,4,0.735934464,2.75E-13
2100,EEU,5,0.498710855,0
2100,FSU,6,0.401375623,0.00E+00
2100,IND,7,0.812518351,0.00E+00
2100,JPN,8,0.904025895,0.00E+00
2100,MEX,9,0.581554963,0
2100,MEA,10,0.886118514,0.00E+00
2100,ODA,11,0.900005186,7.43E-14
2100,SKO,12,0.818056357,0
2100,UK,13,0.818602031,0
2100,USA,14,0.600160656,1.94E-13
2100,WEU,15,0.851870074,0
